{
    "candle": {
        "time": "2023-06-12 21:40:00",
        "interval": "FIVE_MIN",
        "open": 1963.10999,
        "low": 1962.31006,
        "high": 1963.31006,
        "close": 1962.84998
    },
    "fuzzy_candle": {
        "lower_shadow_level_short": 0.0,
        "lower_shadow_level_long": 0.07983999999987645,
        "upper_shadow_level_short": 0.5998599999998078,
        "upper_shadow_level_long": 0.0,
        "body_level_small": 0.4799800000000687,
        "body_level_large": 0.0
    },
    "type": {
        "hammer": 0.07983999999987645,
        "inverted_hammer": 0.0,
        "long_bar": 0.0
    },
    "color": {
        "red": 1,
        "green": 0
    }
}