{
    "candle": {
        "time": "2023-06-12 21:45:00",
        "interval": "FIVE_MIN",
        "open": 1962.81995,
        "low": 1962.81995,
        "high": 1963.17004,
        "close": 1963.08997
    },
    "fuzzy_candle": {
        "lower_shadow_level_short": 1.0,
        "lower_shadow_level_long": 0.0,
        "upper_shadow_level_short": 0.5425747664886249,
        "upper_shadow_level_long": 0.0,
        "body_level_small": 0.0,
        "body_level_large": 0.5425747664886249
    },
    "type": {
        "hammer": 0.0,
        "inverted_hammer": 0.0,
        "long_bar": 0.5425747664886249
    },
    "color": {
        "red": 0,
        "green": 1
    }
}