{
    "hitmap": {
        "1912.3899900000001, 1912.58999": {
            "hit": false,
            "above": 1.0,
            "below": 0.0
        },
        "1918.030005, 1918.230005": {
            "hit": false,
            "above": 1.0,
            "below": 0.0
        },
        "1923.67002, 1923.8700199999998": {
            "hit": false,
            "above": 1.0,
            "below": 0.0
        },
        "1929.3100350000002, 1929.510035": {
            "hit": false,
            "above": 0.9555555555555556,
            "below": 0.044444444444444446
        },
        "1934.9500500000001, 1935.15005": {
            "hit": false,
            "above": 0.0,
            "below": 1.0
        }
    },
    "last_five_min": {
        "hammer": 0.0,
        "inverted_hammer": 0.0,
        "long_bar": 0.023431814874086188
    },
    "current_five_min": {
        "hammer": 0.0,
        "inverted_hammer": 0.0,
        "long_bar": 0.2991240875915271,
        "color": {
            "red": 0,
            "green": 1
        }
    },
    "current_bigger": 0.1818515807099692,
    "signal": {
        "buy": 0,
        "sell": 0
    }
}