{
    "candle": {
        "time": "2023-06-27 00:15:00",
        "interval": "FIVE_MIN",
        "open": 1923.66003,
        "low": 1922.70996,
        "high": 1924.01001,
        "close": 1923.59998
    },
    "fuzzy_candle": {
        "lower_shadow_level_short": 0.0,
        "lower_shadow_level_long": 0.36920887658168744,
        "upper_shadow_level_short": 0.4615899388485911,
        "upper_shadow_level_long": 0.0,
        "body_level_small": 0.9076189377330964,
        "body_level_large": 0.0
    },
    "type": {
        "hammer": 0.36920887658168744,
        "inverted_hammer": 0.0,
        "long_bar": 0.0
    },
    "color": {
        "red": 1,
        "green": 0
    }
}