{
    "candle": {
        "time": "2023-06-14 19:35:00",
        "interval": "FIVE_MIN",
        "open": 1952.83997,
        "low": 1951.69995,
        "high": 1952.88,
        "close": 1951.76001
    },
    "fuzzy_candle": {
        "lower_shadow_level_short": 0.8982077030634076,
        "lower_shadow_level_long": 0.0,
        "upper_shadow_level_short": 0.9321554171431555,
        "upper_shadow_level_long": 0.0,
        "body_level_small": 0.0,
        "body_level_large": 0.8303631202065631
    },
    "type": {
        "hammer": 0.0,
        "inverted_hammer": 0.0,
        "long_bar": 0.8303631202065631
    },
    "color": {
        "red": 1,
        "green": 0
    }
}