{
    "candle": {
        "time": "2023-06-23 20:35:00",
        "interval": "FIVE_MIN",
        "open": 1917.43005,
        "low": 1917.32996,
        "high": 1917.96997,
        "close": 1917.93005
    },
    "fuzzy_candle": {
        "lower_shadow_level_short": 0.6872236371309902,
        "lower_shadow_level_long": 0.0,
        "upper_shadow_level_short": 0.875251949187791,
        "upper_shadow_level_long": 0.0,
        "body_level_small": 0.0,
        "body_level_large": 0.5624755863187811
    },
    "type": {
        "hammer": 0.0,
        "inverted_hammer": 0.0,
        "long_bar": 0.5624755863187811
    },
    "color": {
        "red": 0,
        "green": 1
    }
}