{
    "factors": {
        "day_map": {
            "buy": 0.0,
            "sell": 0.09139252730286254
        }
    },
    "signal": {
        "buy": 0.0,
        "sell": 0.09139252730286254
    }
}