{
    "candle": {
        "time": "2023-06-27 20:10:00",
        "interval": "FIVE_MIN",
        "open": 1923.80005,
        "low": 1923.60999,
        "high": 1924.17004,
        "close": 1923.66003
    },
    "fuzzy_candle": {
        "lower_shadow_level_short": 0.8213016694935211,
        "lower_shadow_level_long": 0.0,
        "upper_shadow_level_short": 0.0,
        "upper_shadow_level_long": 0.3212748861704682,
        "body_level_small": 0.49997321667694705,
        "body_level_large": 0.0
    },
    "type": {
        "hammer": 0.0,
        "inverted_hammer": 0.3212748861704682,
        "long_bar": 0.0
    },
    "color": {
        "red": 1,
        "green": 0
    }
}