{
    "candle": {
        "time": "2023-06-27 20:15:00",
        "interval": "FIVE_MIN",
        "open": 1923.67004,
        "low": 1922.87,
        "high": 1923.81995,
        "close": 1923.31995
    },
    "fuzzy_candle": {
        "lower_shadow_level_short": 0.05268698352525847,
        "lower_shadow_level_long": 0.0,
        "upper_shadow_level_short": 0.6843833885992658,
        "upper_shadow_level_long": 0.0,
        "body_level_small": 0.2629296278754757,
        "body_level_large": 0.0
    },
    "type": {
        "hammer": 0.0,
        "inverted_hammer": 0.0,
        "long_bar": 0.0
    },
    "color": {
        "red": 1,
        "green": 0
    }
}