{
    "hitmap": {
        "1912.3899900000001, 1912.58999": {
            "hit": false,
            "above": 1.0,
            "below": 0.0
        },
        "1918.030005, 1918.230005": {
            "hit": true,
            "above": 0.15555555555555556,
            "below": 0.8444444444444444
        }
    },
    "last_five_min": {
        "hammer": 0.0,
        "inverted_hammer": 0.0,
        "long_bar": 0.8262482788604943
    },
    "current_five_min": {
        "hammer": 0.0,
        "inverted_hammer": 0.0,
        "long_bar": 0.017136464566279708,
        "color": {
            "red": 0,
            "green": 1
        }
    },
    "current_bigger": 0.00026647605549535644,
    "signal": {
        "buy": 0.00026647605549535644,
        "sell": 0.0
    }
}