{
    "factors": {
        "day_map": {
            "buy": 0.00026647605549535644,
            "sell": 0.0
        }
    },
    "signal": {
        "buy": 0.00026647605549535644,
        "sell": 0.0
    }
}