{
    "candle": {
        "time": "2023-06-23 21:15:00",
        "interval": "FIVE_MIN",
        "open": 1918.82996,
        "low": 1918.71997,
        "high": 1919.30005,
        "close": 1918.88
    },
    "fuzzy_candle": {
        "lower_shadow_level_short": 0.6207764446285541,
        "lower_shadow_level_long": 0.0,
        "upper_shadow_level_short": 0.0,
        "upper_shadow_level_long": 0.4482485174458035,
        "body_level_small": 0.8274720728172493,
        "body_level_large": 0.0
    },
    "type": {
        "hammer": 0.0,
        "inverted_hammer": 0.4482485174458035,
        "long_bar": 0.0
    },
    "color": {
        "red": 0,
        "green": 1
    }
}