{
    "candle": {
        "time": "2023-06-14 21:10:00",
        "interval": "FIVE_MIN",
        "open": 1947.17004,
        "low": 1947.12,
        "high": 1947.83997,
        "close": 1947.38
    },
    "fuzzy_candle": {
        "lower_shadow_level_short": 0.8609942080917989,
        "lower_shadow_level_long": 0.0,
        "upper_shadow_level_short": 0.0,
        "upper_shadow_level_long": 0.277747683930772,
        "body_level_small": 0.41675347583897293,
        "body_level_large": 0.0
    },
    "type": {
        "hammer": 0.0,
        "inverted_hammer": 0.277747683930772,
        "long_bar": 0.0
    },
    "color": {
        "red": 0,
        "green": 1
    }
}