{
    "hitmap": {
        "1940.02, 1940.2199999999998": {
            "hit": false,
            "above": 1.0,
            "below": 0.0
        },
        "1947.662485, 1947.8624849999999": {
            "hit": true,
            "above": 0.6666666666666666,
            "below": 0.3333333333333333
        }
    },
    "last_five_min": {
        "hammer": 0.0,
        "inverted_hammer": 0.277747683930772,
        "long_bar": 0.0
    },
    "current_five_min": {
        "hammer": 0.0,
        "inverted_hammer": 0.0,
        "long_bar": 0.28135497882824634,
        "color": {
            "red": 1,
            "green": 0
        }
    },
    "current_bigger": 0.8807970779778823,
    "signal": {
        "buy": 0.0,
        "sell": 0.277747683930772
    }
}