{
    "factors": {
        "day_map": {
            "buy": 0.0,
            "sell": 0.277747683930772
        }
    },
    "signal": {
        "buy": 0.0,
        "sell": 0.277747683930772
    }
}