{
    "candle": {
        "time": "2023-06-23 19:25:00",
        "interval": "FIVE_MIN",
        "open": 1918.69995,
        "low": 1918.51001,
        "high": 1919.43005,
        "close": 1919.31006
    },
    "fuzzy_candle": {
        "lower_shadow_level_short": 0.5871049084822736,
        "lower_shadow_level_long": 0.0,
        "upper_shadow_level_short": 0.7391635146299731,
        "upper_shadow_level_long": 0.0,
        "body_level_small": 0.0,
        "body_level_large": 0.3262684231122466
    },
    "type": {
        "hammer": 0.0,
        "inverted_hammer": 0.0,
        "long_bar": 0.3262684231122466
    },
    "color": {
        "red": 0,
        "green": 1
    }
}