{
    "hitmap": {
        "1912.3899900000001, 1912.58999": {
            "hit": false,
            "above": 1.0,
            "below": 0.0
        },
        "1918.030005, 1918.230005": {
            "hit": true,
            "above": 0.2,
            "below": 0.8
        }
    },
    "last_five_min": {
        "hammer": 0.0,
        "inverted_hammer": 0.0,
        "long_bar": 0.7034750941297792
    },
    "current_five_min": {
        "hammer": 0.0,
        "inverted_hammer": 0.0,
        "long_bar": 0.246293209652922,
        "color": {
            "red": 1,
            "green": 0
        }
    },
    "current_bigger": 0.006063491788903855,
    "signal": {
        "buy": 0.0,
        "sell": 0.006063491788903855
    }
}