{
    "factors": {
        "day_map": {
            "buy": 0.0,
            "sell": 0.006063491788903855
        }
    },
    "signal": {
        "buy": 0.0,
        "sell": 0.006063491788903855
    }
}