{
    "candle": {
        "time": "2023-06-14 19:55:00",
        "interval": "FIVE_MIN",
        "open": 1952.01001,
        "low": 1951.23999,
        "high": 1952.21997,
        "close": 1951.35999
    },
    "fuzzy_candle": {
        "lower_shadow_level_short": 0.7550970427970317,
        "lower_shadow_level_long": 0.0,
        "upper_shadow_level_short": 0.5715014592132031,
        "upper_shadow_level_long": 0.0,
        "body_level_small": 0.0,
        "body_level_large": 0.32659850201023466
    },
    "type": {
        "hammer": 0.0,
        "inverted_hammer": 0.0,
        "long_bar": 0.32659850201023466
    },
    "color": {
        "red": 1,
        "green": 0
    }
}