{
    "candle": {
        "time": "2023-06-14 19:50:00",
        "interval": "FIVE_MIN",
        "open": 1951.20996,
        "low": 1951.20996,
        "high": 1952.16003,
        "close": 1952.10999
    },
    "fuzzy_candle": {
        "lower_shadow_level_short": 1.0,
        "lower_shadow_level_long": 0.0,
        "upper_shadow_level_short": 0.8946603934445339,
        "upper_shadow_level_long": 0.0,
        "body_level_small": 0.0,
        "body_level_large": 0.8946603934445339
    },
    "type": {
        "hammer": 0.0,
        "inverted_hammer": 0.0,
        "long_bar": 0.8946603934445339
    },
    "color": {
        "red": 0,
        "green": 1
    }
}