{
    "candle": {
        "time": "2023-06-14 00:00:00",
        "interval": "FIVE_MIN",
        "open": 1954.18994,
        "low": 1952.26001,
        "high": 1954.18994,
        "close": 1952.94995
    },
    "fuzzy_candle": {
        "lower_shadow_level_short": 0.28501033716251467,
        "lower_shadow_level_long": 0.0,
        "upper_shadow_level_short": 1.0,
        "upper_shadow_level_long": 0.0,
        "body_level_small": 0.0,
        "body_level_large": 0.2850103371625148
    },
    "type": {
        "hammer": 0.0,
        "inverted_hammer": 0.0,
        "long_bar": 0.2850103371625148
    },
    "color": {
        "red": 1,
        "green": 0
    }
}