{
    "candle": {
        "time": "2023-06-23 21:25:00",
        "interval": "FIVE_MIN",
        "open": 1918.94995,
        "low": 1918.81995,
        "high": 1919.09998,
        "close": 1919.07996
    },
    "fuzzy_candle": {
        "lower_shadow_level_short": 0.07152805056651368,
        "lower_shadow_level_long": 0.0,
        "upper_shadow_level_short": 0.8570153197876036,
        "upper_shadow_level_long": 0.0,
        "body_level_small": 0.07145662964588273,
        "body_level_large": 0.0
    },
    "type": {
        "hammer": 0.0,
        "inverted_hammer": 0.0,
        "long_bar": 0.0
    },
    "color": {
        "red": 0,
        "green": 1
    }
}