{
    "candle": {
        "time": "2023-06-13 19:55:00",
        "interval": "FIVE_MIN",
        "open": 1963.62,
        "low": 1963.39001,
        "high": 1963.68005,
        "close": 1963.65002
    },
    "fuzzy_candle": {
        "lower_shadow_level_short": 0.0,
        "lower_shadow_level_long": 0.585919183560371,
        "upper_shadow_level_short": 0.7929251137780224,
        "upper_shadow_level_long": 0.0,
        "body_level_small": 0.7929940697823487,
        "body_level_large": 0.0
    },
    "type": {
        "hammer": 0.585919183560371,
        "inverted_hammer": 0.0,
        "long_bar": 0.0
    },
    "color": {
        "red": 0,
        "green": 1
    }
}