{
    "candle": {
        "time": "2023-06-13 19:50:00",
        "interval": "FIVE_MIN",
        "open": 1963.37,
        "low": 1963.26001,
        "high": 1964.01001,
        "close": 1963.60999
    },
    "fuzzy_candle": {
        "lower_shadow_level_short": 0.7066933333335328,
        "lower_shadow_level_long": 0.0,
        "upper_shadow_level_short": 0.0,
        "upper_shadow_level_long": 0.0667200000001078,
        "body_level_small": 0.3600266666665751,
        "body_level_large": 0.0
    },
    "type": {
        "hammer": 0.0,
        "inverted_hammer": 0.0667200000001078,
        "long_bar": 0.0
    },
    "color": {
        "red": 0,
        "green": 1
    }
}