{
    "candle": {
        "time": "2023-06-12 21:15:00",
        "interval": "FIVE_MIN",
        "open": 1964.59998,
        "low": 1963.92004,
        "high": 1964.60999,
        "close": 1963.92004
    },
    "fuzzy_candle": {
        "lower_shadow_level_short": 1.0,
        "lower_shadow_level_long": 0.0,
        "upper_shadow_level_short": 0.9709834045946334,
        "upper_shadow_level_long": 0.0,
        "body_level_small": 0.0,
        "body_level_large": 0.9709834045946335
    },
    "type": {
        "hammer": 0.0,
        "inverted_hammer": 0.0,
        "long_bar": 0.9709834045946335
    },
    "color": {
        "red": 1,
        "green": 0
    }
}