{
    "candle": {
        "time": "2023-06-12 21:10:00",
        "interval": "FIVE_MIN",
        "open": 1965.01001,
        "low": 1964.17004,
        "high": 1965.05005,
        "close": 1964.58997
    },
    "fuzzy_candle": {
        "lower_shadow_level_short": 0.04562448154002319,
        "lower_shadow_level_long": 0.0,
        "upper_shadow_level_short": 0.9090010340789623,
        "upper_shadow_level_long": 0.0,
        "body_level_small": 0.045374484381014435,
        "body_level_large": 0.0
    },
    "type": {
        "hammer": 0.0,
        "inverted_hammer": 0.0,
        "long_bar": 0.0
    },
    "color": {
        "red": 1,
        "green": 0
    }
}