{
    "candle": {
        "time": "2023-06-12 23:50:00",
        "interval": "FIVE_MIN",
        "open": 1952.06995,
        "low": 1950.18994,
        "high": 1952.39001,
        "close": 1951.92004
    },
    "fuzzy_candle": {
        "lower_shadow_level_short": 0.0,
        "lower_shadow_level_long": 0.572768139195496,
        "upper_shadow_level_short": 0.7090456212756883,
        "upper_shadow_level_long": 0.0,
        "body_level_small": 0.8637225179198078,
        "body_level_large": 0.0
    },
    "type": {
        "hammer": 0.572768139195496,
        "inverted_hammer": 0.0,
        "long_bar": 0.0
    },
    "color": {
        "red": 1,
        "green": 0
    }
}