{
    "candle": {
        "time": "2023-06-27 20:05:00",
        "interval": "FIVE_MIN",
        "open": 1924.06995,
        "low": 1923.83997,
        "high": 1924.30005,
        "close": 1923.89001
    },
    "fuzzy_candle": {
        "lower_shadow_level_short": 0.7824726134582065,
        "lower_shadow_level_long": 0.0,
        "upper_shadow_level_short": 0.0,
        "upper_shadow_level_long": 0.00026082420432183007,
        "body_level_small": 0.21778821074611543,
        "body_level_large": 0.0
    },
    "type": {
        "hammer": 0.0,
        "inverted_hammer": 0.00026082420432183007,
        "long_bar": 0.0
    },
    "color": {
        "red": 1,
        "green": 0
    }
}