{
    "factors": {
        "day_map": {
            "buy": 0.07027102995714118,
            "sell": 0.0
        }
    },
    "signal": {
        "buy": 0.07027102995714118,
        "sell": 0.0
    }
}