{
    "candle": {
        "time": "2023-06-26 22:10:00",
        "interval": "FIVE_MIN",
        "open": 1932.15002,
        "low": 1931.45996,
        "high": 1932.18005,
        "close": 1931.93994
    },
    "fuzzy_candle": {
        "lower_shadow_level_short": 0.0,
        "lower_shadow_level_long": 0.333111138885557,
        "upper_shadow_level_short": 0.9165937591137335,
        "upper_shadow_level_long": 0.0,
        "body_level_small": 0.41651737977182357,
        "body_level_large": 0.0
    },
    "type": {
        "hammer": 0.333111138885557,
        "inverted_hammer": 0.0,
        "long_bar": 0.0
    },
    "color": {
        "red": 1,
        "green": 0
    }
}