{
    "candle": {
        "time": "2023-06-13 21:10:00",
        "interval": "FIVE_MIN",
        "open": 1965.42004,
        "low": 1965.16003,
        "high": 1965.68994,
        "close": 1965.21997
    },
    "fuzzy_candle": {
        "lower_shadow_level_short": 0.7737729048325187,
        "lower_shadow_level_long": 0.0,
        "upper_shadow_level_short": 0.0,
        "upper_shadow_level_long": 0.01866354664007419,
        "body_level_small": 0.2448906418075556,
        "body_level_large": 0.0
    },
    "type": {
        "hammer": 0.0,
        "inverted_hammer": 0.01866354664007419,
        "long_bar": 0.0
    },
    "color": {
        "red": 1,
        "green": 0
    }
}