{
    "candle": {
        "time": "2023-06-13 23:15:00",
        "interval": "FIVE_MIN",
        "open": 1961.79004,
        "low": 1960.39001,
        "high": 1962.56006,
        "close": 1960.39001
    },
    "fuzzy_candle": {
        "lower_shadow_level_short": 1.0,
        "lower_shadow_level_long": 0.0,
        "upper_shadow_level_short": 0.29032049952770644,
        "upper_shadow_level_long": 0.0,
        "body_level_small": 0.0,
        "body_level_large": 0.29032049952770644
    },
    "type": {
        "hammer": 0.0,
        "inverted_hammer": 0.0,
        "long_bar": 0.29032049952770644
    },
    "color": {
        "red": 1,
        "green": 0
    }
}