{
    "candle": {
        "time": "2023-06-13 23:40:00",
        "interval": "FIVE_MIN",
        "open": 1958.62,
        "low": 1955.06995,
        "high": 1959.96997,
        "close": 1955.19995
    },
    "fuzzy_candle": {
        "lower_shadow_level_short": 0.9469389920857954,
        "lower_shadow_level_long": 0.0,
        "upper_shadow_level_short": 0.44899408573834354,
        "upper_shadow_level_long": 0.0,
        "body_level_small": 0.0,
        "body_level_large": 0.3959330778241388
    },
    "type": {
        "hammer": 0.0,
        "inverted_hammer": 0.0,
        "long_bar": 0.3959330778241388
    },
    "color": {
        "red": 1,
        "green": 0
    }
}