{
    "candle": {
        "time": "2023-06-23 21:10:00",
        "interval": "FIVE_MIN",
        "open": 1919.03003,
        "low": 1918.67004,
        "high": 1919.41003,
        "close": 1918.93994
    },
    "fuzzy_candle": {
        "lower_shadow_level_short": 0.2705306828470807,
        "lower_shadow_level_long": 0.0,
        "upper_shadow_level_short": 0.0,
        "upper_shadow_level_long": 0.027040905958436,
        "body_level_small": 0.7565102231113553,
        "body_level_large": 0.0
    },
    "type": {
        "hammer": 0.0,
        "inverted_hammer": 0.027040905958436,
        "long_bar": 0.0
    },
    "color": {
        "red": 1,
        "green": 0
    }
}