{
    "factors": {
        "day_map": {
            "buy": 7.416003810714784e-07,
            "sell": 0.0
        }
    },
    "signal": {
        "buy": 7.416003810714784e-07,
        "sell": 0.0
    }
}