{
    "candle": {
        "time": "2023-06-27 01:05:00",
        "interval": "FIVE_MIN",
        "open": 1924.12,
        "low": 1924.12,
        "high": 1925.98999,
        "close": 1924.73999
    },
    "fuzzy_candle": {
        "lower_shadow_level_short": 1.0,
        "lower_shadow_level_long": 0.0,
        "upper_shadow_level_short": 0.0,
        "upper_shadow_level_long": 0.33690554494933567,
        "body_level_small": 0.33690554494933567,
        "body_level_large": 0.0
    },
    "type": {
        "hammer": 0.0,
        "inverted_hammer": 0.33690554494933567,
        "long_bar": 0.0
    },
    "color": {
        "red": 0,
        "green": 1
    }
}