{
    "candle": {
        "time": "2023-06-27 01:10:00",
        "interval": "FIVE_MIN",
        "open": 1924.83997,
        "low": 1924.68994,
        "high": 1925.43005,
        "close": 1925.40002
    },
    "fuzzy_candle": {
        "lower_shadow_level_short": 0.594573779573243,
        "lower_shadow_level_long": 0.0,
        "upper_shadow_level_short": 0.9188499006907118,
        "upper_shadow_level_long": 0.0,
        "body_level_small": 0.0,
        "body_level_large": 0.5134236802639547
    },
    "type": {
        "hammer": 0.0,
        "inverted_hammer": 0.0,
        "long_bar": 0.5134236802639547
    },
    "color": {
        "red": 0,
        "green": 1
    }
}