{
    "candle": {
        "time": "2023-06-14 20:15:00",
        "interval": "FIVE_MIN",
        "open": 1950.23999,
        "low": 1949.62,
        "high": 1950.59998,
        "close": 1950.51001
    },
    "fuzzy_candle": {
        "lower_shadow_level_short": 0.0,
        "lower_shadow_level_long": 0.2653115369703465,
        "upper_shadow_level_short": 0.81638400783692,
        "upper_shadow_level_long": 0.0,
        "body_level_small": 0.4489275291334264,
        "body_level_large": 0.0
    },
    "type": {
        "hammer": 0.2653115369703465,
        "inverted_hammer": 0.0,
        "long_bar": 0.0
    },
    "color": {
        "red": 0,
        "green": 1
    }
}