{
    "candle": {
        "time": "2023-06-14 00:00:00",
        "interval": "FIVE_MIN",
        "open": 1954.18994,
        "low": 1951.76001,
        "high": 1954.18994,
        "close": 1953.58997
    },
    "fuzzy_candle": {
        "lower_shadow_level_short": 0.0,
        "lower_shadow_level_long": 0.5061833056919487,
        "upper_shadow_level_short": 1.0,
        "upper_shadow_level_long": 0.0,
        "body_level_small": 0.5061833056919487,
        "body_level_large": 0.0
    },
    "type": {
        "hammer": 0.5061833056919487,
        "inverted_hammer": 0.0,
        "long_bar": 0.0
    },
    "color": {
        "red": 1,
        "green": 0
    }
}