{
    "candle": {
        "time": "2023-06-26 23:20:00",
        "interval": "FIVE_MIN",
        "open": 1928.76001,
        "low": 1928.18994,
        "high": 1929.29004,
        "close": 1928.92004
    },
    "fuzzy_candle": {
        "lower_shadow_level_short": 0.0,
        "lower_shadow_level_long": 0.03639669120976152,
        "upper_shadow_level_short": 0.3273338787381497,
        "upper_shadow_level_long": 0.0,
        "body_level_small": 0.7090628124716118,
        "body_level_large": 0.0
    },
    "type": {
        "hammer": 0.03639669120976152,
        "inverted_hammer": 0.0,
        "long_bar": 0.0
    },
    "color": {
        "red": 0,
        "green": 1
    }
}