{
    "candle": {
        "time": "2023-06-13 21:35:00",
        "interval": "FIVE_MIN",
        "open": 1965.38,
        "low": 1965.19995,
        "high": 1965.59998,
        "close": 1965.28003
    },
    "fuzzy_candle": {
        "lower_shadow_level_short": 0.599630027748171,
        "lower_shadow_level_long": 0.0,
        "upper_shadow_level_short": 0.0,
        "upper_shadow_level_long": 0.09981751368568381,
        "body_level_small": 0.5001874859375128,
        "body_level_large": 0.0
    },
    "type": {
        "hammer": 0.0,
        "inverted_hammer": 0.09981751368568381,
        "long_bar": 0.0
    },
    "color": {
        "red": 1,
        "green": 0
    }
}