{
    "candle": {
        "time": "2023-06-13 21:40:00",
        "interval": "FIVE_MIN",
        "open": 1965.26001,
        "low": 1964.87,
        "high": 1965.43005,
        "close": 1964.88
    },
    "fuzzy_candle": {
        "lower_shadow_level_short": 0.9642889027757613,
        "lower_shadow_level_long": 0.0,
        "upper_shadow_level_short": 0.39276850281240017,
        "upper_shadow_level_long": 0.0,
        "body_level_small": 0.0,
        "body_level_large": 0.35705740558816146
    },
    "type": {
        "hammer": 0.0,
        "inverted_hammer": 0.0,
        "long_bar": 0.35705740558816146
    },
    "color": {
        "red": 1,
        "green": 0
    }
}