{
    "factors": {
        "day_map": {
            "buy": 0.2692396446292322,
            "sell": 0.0
        }
    },
    "signal": {
        "buy": 0.2692396446292322,
        "sell": 0.0
    }
}