{
    "hitmap": {
        "1912.3899900000001, 1912.58999": {
            "hit": false,
            "above": 1.0,
            "below": 0.0
        },
        "1918.030005, 1918.230005": {
            "hit": true,
            "above": 0.4222222222222222,
            "below": 0.5777777777777777
        }
    },
    "last_five_min": {
        "hammer": 0.0,
        "inverted_hammer": 0.0,
        "long_bar": 0.0
    },
    "current_five_min": {
        "hammer": 0.0,
        "inverted_hammer": 0.0,
        "long_bar": 0.6674207606033999,
        "color": {
            "red": 1,
            "green": 0
        }
    },
    "current_bigger": 0.8807970779778823,
    "signal": {
        "buy": 0.0,
        "sell": 0.0
    }
}