{
    "candle": {
        "time": "2023-06-15 22:25:00",
        "interval": "FIVE_MIN",
        "open": 1929.26001,
        "low": 1927.18994,
        "high": 1929.32996,
        "close": 1928.01001
    },
    "fuzzy_candle": {
        "lower_shadow_level_short": 0.23358660199440384,
        "lower_shadow_level_long": 0.0,
        "upper_shadow_level_short": 0.9346267791889226,
        "upper_shadow_level_long": 0.0,
        "body_level_small": 0.0,
        "body_level_large": 0.1682133811833264
    },
    "type": {
        "hammer": 0.0,
        "inverted_hammer": 0.0,
        "long_bar": 0.1682133811833264
    },
    "color": {
        "red": 1,
        "green": 0
    }
}