{
    "candle": {
        "time": "2023-06-15 22:20:00",
        "interval": "FIVE_MIN",
        "open": 1930.41003,
        "low": 1927.68994,
        "high": 1931.03003,
        "close": 1929.33997
    },
    "fuzzy_candle": {
        "lower_shadow_level_short": 0.01198470699887988,
        "lower_shadow_level_long": 0.0,
        "upper_shadow_level_short": 0.6287525186447634,
        "upper_shadow_level_long": 0.0,
        "body_level_small": 0.3592627743563567,
        "body_level_large": 0.0
    },
    "type": {
        "hammer": 0.0,
        "inverted_hammer": 0.0,
        "long_bar": 0.0
    },
    "color": {
        "red": 1,
        "green": 0
    }
}