{
    "candle": {
        "time": "2023-06-13 22:35:00",
        "interval": "FIVE_MIN",
        "open": 1967.73999,
        "low": 1966.70996,
        "high": 1968.90002,
        "close": 1966.89001
    },
    "fuzzy_candle": {
        "lower_shadow_level_short": 0.8355752810423879,
        "lower_shadow_level_long": 0.0,
        "upper_shadow_level_short": 0.0,
        "upper_shadow_level_long": 0.0593591043167192,
        "body_level_small": 0.22378382327433133,
        "body_level_large": 0.0
    },
    "type": {
        "hammer": 0.0,
        "inverted_hammer": 0.0593591043167192,
        "long_bar": 0.0
    },
    "color": {
        "red": 1,
        "green": 0
    }
}