{
    "candle": {
        "time": "2023-06-13 22:30:00",
        "interval": "FIVE_MIN",
        "open": 1960.77002,
        "low": 1951.31995,
        "high": 1970.68994,
        "close": 1967.32996
    },
    "fuzzy_candle": {
        "lower_shadow_level_short": 0.024256594866604475,
        "lower_shadow_level_long": 0.0,
        "upper_shadow_level_short": 0.6530736463983755,
        "upper_shadow_level_long": 0.0,
        "body_level_small": 0.32266975873502,
        "body_level_large": 0.0
    },
    "type": {
        "hammer": 0.0,
        "inverted_hammer": 0.0,
        "long_bar": 0.0
    },
    "color": {
        "red": 0,
        "green": 1
    }
}