{
    "candle": {
        "time": "2023-06-15 21:45:00",
        "interval": "FIVE_MIN",
        "open": 1929.26001,
        "low": 1928.81995,
        "high": 1929.82996,
        "close": 1929.18994
    },
    "fuzzy_candle": {
        "lower_shadow_level_short": 0.26735378857649195,
        "lower_shadow_level_long": 0.0,
        "upper_shadow_level_short": 0.0,
        "upper_shadow_level_long": 0.12860268710227007,
        "body_level_small": 0.8612488985257782,
        "body_level_large": 0.0
    },
    "type": {
        "hammer": 0.0,
        "inverted_hammer": 0.12860268710227007,
        "long_bar": 0.0
    },
    "color": {
        "red": 1,
        "green": 0
    }
}