{
    "candle": {
        "time": "2023-06-15 21:50:00",
        "interval": "FIVE_MIN",
        "open": 1929.23999,
        "low": 1928.87,
        "high": 1929.42004,
        "close": 1928.94995
    },
    "fuzzy_candle": {
        "lower_shadow_level_short": 0.7092938695366093,
        "lower_shadow_level_long": 0.0,
        "upper_shadow_level_short": 0.3453203403392082,
        "upper_shadow_level_long": 0.0,
        "body_level_small": 0.0,
        "body_level_large": 0.054614209875817554
    },
    "type": {
        "hammer": 0.0,
        "inverted_hammer": 0.0,
        "long_bar": 0.054614209875817554
    },
    "color": {
        "red": 1,
        "green": 0
    }
}