{
    "candle": {
        "time": "2023-06-27 20:25:00",
        "interval": "FIVE_MIN",
        "open": 1923.40002,
        "low": 1923.17004,
        "high": 1924.37,
        "close": 1924.17004
    },
    "fuzzy_candle": {
        "lower_shadow_level_short": 0.61668722290729,
        "lower_shadow_level_long": 0.0,
        "upper_shadow_level_short": 0.6667222240742482,
        "upper_shadow_level_long": 0.0,
        "body_level_small": 0.0,
        "body_level_large": 0.283409446981538
    },
    "type": {
        "hammer": 0.0,
        "inverted_hammer": 0.0,
        "long_bar": 0.283409446981538
    },
    "color": {
        "red": 0,
        "green": 1
    }
}