{
    "candle": {
        "time": "2023-06-13 20:00:00",
        "interval": "FIVE_MIN",
        "open": 1963.28003,
        "low": 1963.05005,
        "high": 1963.43005,
        "close": 1963.15002
    },
    "fuzzy_candle": {
        "lower_shadow_level_short": 0.47384210526307424,
        "lower_shadow_level_long": 0.0,
        "upper_shadow_level_short": 0.21042105263112032,
        "upper_shadow_level_long": 0.0,
        "body_level_small": 0.31573684210580544,
        "body_level_large": 0.0
    },
    "type": {
        "hammer": 0.0,
        "inverted_hammer": 0.0,
        "long_bar": 0.0
    },
    "color": {
        "red": 1,
        "green": 0
    }
}