{
    "candle": {
        "time": "2023-06-14 21:25:00",
        "interval": "FIVE_MIN",
        "open": 1947.34998,
        "low": 1946.12,
        "high": 1947.46997,
        "close": 1946.18994
    },
    "fuzzy_candle": {
        "lower_shadow_level_short": 0.8963828825824621,
        "lower_shadow_level_long": 0.0,
        "upper_shadow_level_short": 0.8222330866610005,
        "upper_shadow_level_long": 0.0,
        "body_level_small": 0.0,
        "body_level_large": 0.7186159692434626
    },
    "type": {
        "hammer": 0.0,
        "inverted_hammer": 0.0,
        "long_bar": 0.7186159692434626
    },
    "color": {
        "red": 1,
        "green": 0
    }
}