{
    "candle": {
        "time": "2023-06-23 19:55:00",
        "interval": "FIVE_MIN",
        "open": 1918.44995,
        "low": 1917.29004,
        "high": 1918.56006,
        "close": 1917.96997
    },
    "fuzzy_candle": {
        "lower_shadow_level_short": 0.0,
        "lower_shadow_level_long": 0.07073904347970861,
        "upper_shadow_level_short": 0.8266011558871783,
        "upper_shadow_level_long": 0.0,
        "body_level_small": 0.2441378875925304,
        "body_level_large": 0.0
    },
    "type": {
        "hammer": 0.07073904347970861,
        "inverted_hammer": 0.0,
        "long_bar": 0.0
    },
    "color": {
        "red": 1,
        "green": 0
    }
}