{
    "candle": {
        "time": "2023-06-23 20:00:00",
        "interval": "FIVE_MIN",
        "open": 1918.01001,
        "low": 1917.79004,
        "high": 1918.23999,
        "close": 1918.18005
    },
    "fuzzy_candle": {
        "lower_shadow_level_short": 0.022246916324467736,
        "lower_shadow_level_long": 0.0,
        "upper_shadow_level_short": 0.7335703967102819,
        "upper_shadow_level_long": 0.0,
        "body_level_small": 0.24418268696525036,
        "body_level_large": 0.0
    },
    "type": {
        "hammer": 0.0,
        "inverted_hammer": 0.0,
        "long_bar": 0.0
    },
    "color": {
        "red": 0,
        "green": 1
    }
}