{
    "candle": {
        "time": "2023-06-14 19:15:00",
        "interval": "FIVE_MIN",
        "open": 1951.31995,
        "low": 1951.10999,
        "high": 1951.64001,
        "close": 1951.40002
    },
    "fuzzy_candle": {
        "lower_shadow_level_short": 0.20772801026346888,
        "lower_shadow_level_long": 0.0,
        "upper_shadow_level_short": 0.09441153164044147,
        "upper_shadow_level_long": 0.0,
        "body_level_small": 0.6978604580960897,
        "body_level_large": 0.0
    },
    "type": {
        "hammer": 0.0,
        "inverted_hammer": 0.0,
        "long_bar": 0.0
    },
    "color": {
        "red": 0,
        "green": 1
    }
}