{
    "candle": {
        "time": "2023-06-14 19:10:00",
        "interval": "FIVE_MIN",
        "open": 1950.81006,
        "low": 1950.73999,
        "high": 1951.82996,
        "close": 1951.29004
    },
    "fuzzy_candle": {
        "lower_shadow_level_short": 0.8714276539721508,
        "lower_shadow_level_long": 0.0,
        "upper_shadow_level_short": 0.009293833775349314,
        "upper_shadow_level_long": 0.0,
        "body_level_small": 0.11927851225249986,
        "body_level_large": 0.0
    },
    "type": {
        "hammer": 0.0,
        "inverted_hammer": 0.0,
        "long_bar": 0.0
    },
    "color": {
        "red": 0,
        "green": 1
    }
}