{
    "factors": {
        "day_map": {
            "buy": 0.0,
            "sell": 0.29032049952770644
        }
    },
    "signal": {
        "buy": 0.0,
        "sell": 0.29032049952770644
    }
}