{
    "candle": {
        "time": "2023-06-23 19:45:00",
        "interval": "FIVE_MIN",
        "open": 1918.69995,
        "low": 1918.34998,
        "high": 1918.96997,
        "close": 1918.96997
    },
    "fuzzy_candle": {
        "lower_shadow_level_short": 0.0,
        "lower_shadow_level_long": 0.12895369280118651,
        "upper_shadow_level_short": 1.0,
        "upper_shadow_level_long": 0.0,
        "body_level_small": 0.12895369280118651,
        "body_level_large": 0.0
    },
    "type": {
        "hammer": 0.12895369280118651,
        "inverted_hammer": 0.0,
        "long_bar": 0.0
    },
    "color": {
        "red": 0,
        "green": 1
    }
}