{
    "candle": {
        "time": "2023-06-26 21:50:00",
        "interval": "FIVE_MIN",
        "open": 1932.07996,
        "low": 1931.59998,
        "high": 1932.14001,
        "close": 1931.76001
    },
    "fuzzy_candle": {
        "lower_shadow_level_short": 0.40732922245070846,
        "lower_shadow_level_long": 0.0,
        "upper_shadow_level_short": 0.7776049478731414,
        "upper_shadow_level_long": 0.0,
        "body_level_small": 0.0,
        "body_level_large": 0.18493417032384984
    },
    "type": {
        "hammer": 0.0,
        "inverted_hammer": 0.0,
        "long_bar": 0.18493417032384984
    },
    "color": {
        "red": 1,
        "green": 0
    }
}