{
    "candle": {
        "time": "2023-06-26 21:55:00",
        "interval": "FIVE_MIN",
        "open": 1931.76001,
        "low": 1931.26001,
        "high": 1932.29004,
        "close": 1932.18005
    },
    "fuzzy_candle": {
        "lower_shadow_level_short": 0.029154490646020714,
        "lower_shadow_level_long": 0.0,
        "upper_shadow_level_short": 0.7864334048520154,
        "upper_shadow_level_long": 0.0,
        "body_level_small": 0.18441210450196388,
        "body_level_large": 0.0
    },
    "type": {
        "hammer": 0.0,
        "inverted_hammer": 0.0,
        "long_bar": 0.0
    },
    "color": {
        "red": 0,
        "green": 1
    }
}