{
    "candle": {
        "time": "2023-06-23 22:50:00",
        "interval": "FIVE_MIN",
        "open": 1927.93005,
        "low": 1927.40002,
        "high": 1929.73999,
        "close": 1929.65002
    },
    "fuzzy_candle": {
        "lower_shadow_level_short": 0.5469770979970697,
        "lower_shadow_level_long": 0.0,
        "upper_shadow_level_short": 0.9231015782253669,
        "upper_shadow_level_long": 0.0,
        "body_level_small": 0.0,
        "body_level_large": 0.4700786762224367
    },
    "type": {
        "hammer": 0.0,
        "inverted_hammer": 0.0,
        "long_bar": 0.4700786762224367
    },
    "color": {
        "red": 0,
        "green": 1
    }
}