{
    "candle": {
        "time": "2023-06-12 23:40:00",
        "interval": "FIVE_MIN",
        "open": 1957.31995,
        "low": 1956.69995,
        "high": 1958.57996,
        "close": 1957.67004
    },
    "fuzzy_candle": {
        "lower_shadow_level_short": 0.340429040270966,
        "lower_shadow_level_long": 0.0,
        "upper_shadow_level_short": 0.03200514890876549,
        "upper_shadow_level_long": 0.0,
        "body_level_small": 0.6275658108202684,
        "body_level_large": 0.0
    },
    "type": {
        "hammer": 0.0,
        "inverted_hammer": 0.0,
        "long_bar": 0.0
    },
    "color": {
        "red": 0,
        "green": 1
    }
}