{
    "candle": {
        "time": "2023-06-12 23:45:00",
        "interval": "FIVE_MIN",
        "open": 1957.66003,
        "low": 1955.59998,
        "high": 1958.38,
        "close": 1955.63
    },
    "fuzzy_candle": {
        "lower_shadow_level_short": 0.978403033071598,
        "lower_shadow_level_long": 0.0,
        "upper_shadow_level_short": 0.48203969755608644,
        "upper_shadow_level_long": 0.0,
        "body_level_small": 0.0,
        "body_level_large": 0.4604427306276846
    },
    "type": {
        "hammer": 0.0,
        "inverted_hammer": 0.0,
        "long_bar": 0.4604427306276846
    },
    "color": {
        "red": 1,
        "green": 0
    }
}