{
    "candle": {
        "time": "2023-06-23 20:05:00",
        "interval": "FIVE_MIN",
        "open": 1917.58997,
        "low": 1917.16003,
        "high": 1917.62,
        "close": 1917.42004
    },
    "fuzzy_candle": {
        "lower_shadow_level_short": 0.0,
        "lower_shadow_level_long": 0.13055199252138538,
        "upper_shadow_level_short": 0.8694262669308672,
        "upper_shadow_level_long": 0.0,
        "body_level_small": 0.26112572559051805,
        "body_level_large": 0.0
    },
    "type": {
        "hammer": 0.13055199252138538,
        "inverted_hammer": 0.0,
        "long_bar": 0.0
    },
    "color": {
        "red": 1,
        "green": 0
    }
}