{
    "candle": {
        "time": "2023-06-23 20:10:00",
        "interval": "FIVE_MIN",
        "open": 1917.38,
        "low": 1917.20996,
        "high": 1917.82996,
        "close": 1917.65002
    },
    "fuzzy_candle": {
        "lower_shadow_level_short": 0.4514838709672041,
        "lower_shadow_level_long": 0.0,
        "upper_shadow_level_short": 0.4195483870969243,
        "upper_shadow_level_long": 0.0,
        "body_level_small": 0.12896774193587157,
        "body_level_large": 0.0
    },
    "type": {
        "hammer": 0.0,
        "inverted_hammer": 0.0,
        "long_bar": 0.0
    },
    "color": {
        "red": 0,
        "green": 1
    }
}