{
    "factors": {
        "day_map": {
            "buy": 0.22809018334958298,
            "sell": 0.0
        }
    },
    "signal": {
        "buy": 0.22809018334958298,
        "sell": 0.0
    }
}