{
    "hitmap": {
        "1910.21006, 1910.41006": {
            "hit": false,
            "above": 1.0,
            "below": 0.0
        },
        "1916.89756, 1917.09756": {
            "hit": false,
            "above": 1.0,
            "below": 0.0
        },
        "1923.58506, 1923.78506": {
            "hit": false,
            "above": 1.0,
            "below": 0.0
        },
        "1930.27256, 1930.47256": {
            "hit": false,
            "above": 0.7111111111111111,
            "below": 0.28888888888888886
        },
        "1936.96006, 1937.16006": {
            "hit": false,
            "above": 0.0,
            "below": 1.0
        }
    },
    "last_five_min": {
        "hammer": 0.0,
        "inverted_hammer": 0.0,
        "long_bar": 0.6643613859654629
    },
    "current_five_min": {
        "hammer": 0.0,
        "inverted_hammer": 0.0,
        "long_bar": 0.0,
        "color": {
            "red": 1,
            "green": 0
        }
    },
    "current_bigger": 4.813417809513447e-07,
    "signal": {
        "buy": 0,
        "sell": 0
    }
}