{
    "candle": {
        "time": "2023-06-26 21:55:00",
        "interval": "FIVE_MIN",
        "open": 1931.76001,
        "low": 1931.26001,
        "high": 1932.46997,
        "close": 1931.38
    },
    "fuzzy_candle": {
        "lower_shadow_level_short": 0.8016628648878809,
        "lower_shadow_level_long": 0.0,
        "upper_shadow_level_short": 0.0,
        "upper_shadow_level_long": 0.17352639756695565,
        "body_level_small": 0.3718635326790747,
        "body_level_large": 0.0
    },
    "type": {
        "hammer": 0.0,
        "inverted_hammer": 0.17352639756695565,
        "long_bar": 0.0
    },
    "color": {
        "red": 1,
        "green": 0
    }
}