{
    "candle": {
        "time": "2023-06-27 20:20:00",
        "interval": "FIVE_MIN",
        "open": 1923.34998,
        "low": 1922.98999,
        "high": 1923.65002,
        "close": 1923.37
    },
    "fuzzy_candle": {
        "lower_shadow_level_short": 0.0,
        "lower_shadow_level_long": 0.09082920473288136,
        "upper_shadow_level_short": 0.1514931139489205,
        "upper_shadow_level_long": 0.0,
        "body_level_small": 0.939336090783961,
        "body_level_large": 0.0
    },
    "type": {
        "hammer": 0.09082920473288136,
        "inverted_hammer": 0.0,
        "long_bar": 0.0
    },
    "color": {
        "red": 0,
        "green": 1
    }
}