{
    "factors": {
        "day_map": {
            "buy": 0.022365921136340505,
            "sell": 0.0
        }
    },
    "signal": {
        "buy": 0.022365921136340505,
        "sell": 0.0
    }
}