{
    "candle": {
        "time": "2023-06-12 20:30:00",
        "interval": "FIVE_MIN",
        "open": 1965.45996,
        "low": 1965.43005,
        "high": 1966.12,
        "close": 1965.76001
    },
    "fuzzy_candle": {
        "lower_shadow_level_short": 0.9132980650772532,
        "lower_shadow_level_long": 0.0,
        "upper_shadow_level_short": 0.0,
        "upper_shadow_level_long": 0.043524893108049856,
        "body_level_small": 0.13022682803079666,
        "body_level_large": 0.0
    },
    "type": {
        "hammer": 0.0,
        "inverted_hammer": 0.043524893108049856,
        "long_bar": 0.0
    },
    "color": {
        "red": 0,
        "green": 1
    }
}