{
    "candle": {
        "time": "2023-06-27 00:45:00",
        "interval": "FIVE_MIN",
        "open": 1924.19995,
        "low": 1923.48999,
        "high": 1924.21997,
        "close": 1923.85999
    },
    "fuzzy_candle": {
        "lower_shadow_level_short": 0.0,
        "lower_shadow_level_long": 0.013726403462714254,
        "upper_shadow_level_short": 0.945149182168945,
        "upper_shadow_level_long": 0.0,
        "body_level_small": 0.06857722129376931,
        "body_level_large": 0.0
    },
    "type": {
        "hammer": 0.013726403462714254,
        "inverted_hammer": 0.0,
        "long_bar": 0.0
    },
    "color": {
        "red": 1,
        "green": 0
    }
}