{
    "candle": {
        "time": "2023-06-27 00:50:00",
        "interval": "FIVE_MIN",
        "open": 1923.93005,
        "low": 1923.48999,
        "high": 1924.30005,
        "close": 1924.16003
    },
    "fuzzy_candle": {
        "lower_shadow_level_short": 0.0,
        "lower_shadow_level_long": 0.08648742068461956,
        "upper_shadow_level_short": 0.6542972125520434,
        "upper_shadow_level_long": 0.0,
        "body_level_small": 0.43219020813257625,
        "body_level_large": 0.0
    },
    "type": {
        "hammer": 0.08648742068461956,
        "inverted_hammer": 0.0,
        "long_bar": 0.0
    },
    "color": {
        "red": 0,
        "green": 1
    }
}