{
    "hitmap": {
        "1912.3899900000001, 1912.58999": {
            "hit": false,
            "above": 1.0,
            "below": 0.0
        },
        "1918.030005, 1918.230005": {
            "hit": true,
            "above": 0.4666666666666667,
            "below": 0.5333333333333333
        }
    },
    "last_five_min": {
        "hammer": 0.0,
        "inverted_hammer": 0.0,
        "long_bar": 0.38632515539565926
    },
    "current_five_min": {
        "hammer": 0.42867347667701905,
        "inverted_hammer": 0.0,
        "long_bar": 0.0,
        "color": {
            "red": 0,
            "green": 1
        }
    },
    "current_bigger": 7.91015103408426e-08,
    "signal": {
        "buy": 0.0,
        "sell": 0.0
    }
}