{
    "candle": {
        "time": "2023-06-15 22:00:00",
        "interval": "FIVE_MIN",
        "open": 1928.55005,
        "low": 1928.43005,
        "high": 1928.81995,
        "close": 1928.58997
    },
    "fuzzy_candle": {
        "lower_shadow_level_short": 0.38445755321836517,
        "lower_shadow_level_long": 0.0,
        "upper_shadow_level_short": 0.0,
        "upper_shadow_level_long": 0.1796870992561932,
        "body_level_small": 0.7952295460378281,
        "body_level_large": 0.0
    },
    "type": {
        "hammer": 0.0,
        "inverted_hammer": 0.1796870992561932,
        "long_bar": 0.0
    },
    "color": {
        "red": 0,
        "green": 1
    }
}