{
    "candle": {
        "time": "2023-06-26 22:00:00",
        "interval": "FIVE_MIN",
        "open": 1931.34998,
        "low": 1930.96997,
        "high": 1932.05005,
        "close": 1931.87
    },
    "fuzzy_candle": {
        "lower_shadow_level_short": 0.2963299014890134,
        "lower_shadow_level_long": 0.0,
        "upper_shadow_level_short": 0.6665987704611276,
        "upper_shadow_level_long": 0.0,
        "body_level_small": 0.03707132804985902,
        "body_level_large": 0.0
    },
    "type": {
        "hammer": 0.0,
        "inverted_hammer": 0.0,
        "long_bar": 0.0
    },
    "color": {
        "red": 0,
        "green": 1
    }
}