{
    "candle": {
        "time": "2023-06-26 22:05:00",
        "interval": "FIVE_MIN",
        "open": 1931.94995,
        "low": 1931.93994,
        "high": 1932.38,
        "close": 1932.14001
    },
    "fuzzy_candle": {
        "lower_shadow_level_short": 0.9545062036996651,
        "lower_shadow_level_long": 0.0,
        "upper_shadow_level_short": 0.0,
        "upper_shadow_level_long": 0.09071490251312642,
        "body_level_small": 0.13620869881346132,
        "body_level_large": 0.0
    },
    "type": {
        "hammer": 0.0,
        "inverted_hammer": 0.09071490251312642,
        "long_bar": 0.0
    },
    "color": {
        "red": 0,
        "green": 1
    }
}