{
    "candle": {
        "time": "2023-06-26 22:40:00",
        "interval": "FIVE_MIN",
        "open": 1932.69995,
        "low": 1932.26001,
        "high": 1933.03003,
        "close": 1932.94995
    },
    "fuzzy_candle": {
        "lower_shadow_level_short": 0.0,
        "lower_shadow_level_long": 0.14267161891903557,
        "upper_shadow_level_short": 0.7920054024571835,
        "upper_shadow_level_long": 0.0,
        "body_level_small": 0.35066621646185214,
        "body_level_large": 0.0
    },
    "type": {
        "hammer": 0.14267161891903557,
        "inverted_hammer": 0.0,
        "long_bar": 0.0
    },
    "color": {
        "red": 0,
        "green": 1
    }
}