{
    "candle": {
        "time": "2023-06-26 22:45:00",
        "interval": "FIVE_MIN",
        "open": 1932.98999,
        "low": 1932.62,
        "high": 1933.01001,
        "close": 1932.85999
    },
    "fuzzy_candle": {
        "lower_shadow_level_short": 0.0,
        "lower_shadow_level_long": 0.23068639265653856,
        "upper_shadow_level_short": 0.8973359657448401,
        "upper_shadow_level_long": 0.0,
        "body_level_small": 0.3333504269116986,
        "body_level_large": 0.0
    },
    "type": {
        "hammer": 0.23068639265653856,
        "inverted_hammer": 0.0,
        "long_bar": 0.0
    },
    "color": {
        "red": 1,
        "green": 0
    }
}