{
    "candle": {
        "time": "2023-06-23 22:15:00",
        "interval": "FIVE_MIN",
        "open": 1919.15002,
        "low": 1919.12,
        "high": 1921.15002,
        "close": 1920.82996
    },
    "fuzzy_candle": {
        "lower_shadow_level_short": 0.970423936709838,
        "lower_shadow_level_long": 0.0,
        "upper_shadow_level_short": 0.6846730574083126,
        "upper_shadow_level_long": 0.0,
        "body_level_small": 0.0,
        "body_level_large": 0.6550969941181506
    },
    "type": {
        "hammer": 0.0,
        "inverted_hammer": 0.0,
        "long_bar": 0.6550969941181506
    },
    "color": {
        "red": 0,
        "green": 1
    }
}