{
    "candle": {
        "time": "2023-06-15 20:00:00",
        "interval": "FIVE_MIN",
        "open": 1935.83997,
        "low": 1935.82996,
        "high": 1936.44995,
        "close": 1936.04004
    },
    "fuzzy_candle": {
        "lower_shadow_level_short": 0.9677091565994064,
        "lower_shadow_level_long": 0.0,
        "upper_shadow_level_short": 0.0,
        "upper_shadow_level_long": 0.3223116501876153,
        "body_level_small": 0.35460249358820883,
        "body_level_large": 0.0
    },
    "type": {
        "hammer": 0.0,
        "inverted_hammer": 0.3223116501876153,
        "long_bar": 0.0
    },
    "color": {
        "red": 0,
        "green": 1
    }
}