{
    "candle": {
        "time": "2023-06-15 20:05:00",
        "interval": "FIVE_MIN",
        "open": 1936.01001,
        "low": 1935.98999,
        "high": 1936.55005,
        "close": 1936.55005
    },
    "fuzzy_candle": {
        "lower_shadow_level_short": 0.9285076598938309,
        "lower_shadow_level_long": 0.0,
        "upper_shadow_level_short": 1.0,
        "upper_shadow_level_long": 0.0,
        "body_level_small": 0.0,
        "body_level_large": 0.9285076598938309
    },
    "type": {
        "hammer": 0.0,
        "inverted_hammer": 0.0,
        "long_bar": 0.9285076598938309
    },
    "color": {
        "red": 0,
        "green": 1
    }
}