{
    "candle": {
        "time": "2023-06-23 20:45:00",
        "interval": "FIVE_MIN",
        "open": 1917.58997,
        "low": 1917.40002,
        "high": 1917.98999,
        "close": 1917.89001
    },
    "fuzzy_candle": {
        "lower_shadow_level_short": 0.35606895265876093,
        "lower_shadow_level_long": 0.0,
        "upper_shadow_level_short": 0.6610675119075188,
        "upper_shadow_level_long": 0.0,
        "body_level_small": 0.0,
        "body_level_large": 0.017136464566279708
    },
    "type": {
        "hammer": 0.0,
        "inverted_hammer": 0.0,
        "long_bar": 0.017136464566279708
    },
    "color": {
        "red": 0,
        "green": 1
    }
}