{
    "candle": {
        "time": "2023-06-26 20:45:00",
        "interval": "FIVE_MIN",
        "open": 1932.76001,
        "low": 1932.62,
        "high": 1933.03003,
        "close": 1932.98999
    },
    "fuzzy_candle": {
        "lower_shadow_level_short": 0.3170743604122981,
        "lower_shadow_level_long": 0.0,
        "upper_shadow_level_short": 0.8046972172774576,
        "upper_shadow_level_long": 0.0,
        "body_level_small": 0.0,
        "body_level_large": 0.12177157768975566
    },
    "type": {
        "hammer": 0.0,
        "inverted_hammer": 0.0,
        "long_bar": 0.12177157768975566
    },
    "color": {
        "red": 0,
        "green": 1
    }
}