{
    "candle": {
        "time": "2023-06-13 20:05:00",
        "interval": "FIVE_MIN",
        "open": 1962.92004,
        "low": 1962.40002,
        "high": 1963.37,
        "close": 1962.68005
    },
    "fuzzy_candle": {
        "lower_shadow_level_short": 0.4226066516836633,
        "lower_shadow_level_long": 0.0,
        "upper_shadow_level_short": 0.07222829336689729,
        "upper_shadow_level_long": 0.0,
        "body_level_small": 0.5051650549494395,
        "body_level_large": 0.0
    },
    "type": {
        "hammer": 0.0,
        "inverted_hammer": 0.0,
        "long_bar": 0.0
    },
    "color": {
        "red": 1,
        "green": 0
    }
}