{
    "candle": {
        "time": "2023-06-23 19:35:00",
        "interval": "FIVE_MIN",
        "open": 1919.04004,
        "low": 1918.23999,
        "high": 1919.08997,
        "close": 1918.67004
    },
    "fuzzy_candle": {
        "lower_shadow_level_short": 0.0,
        "lower_shadow_level_long": 0.011906162497842043,
        "upper_shadow_level_short": 0.882514882703343,
        "upper_shadow_level_long": 0.0,
        "body_level_small": 0.12939127979449905,
        "body_level_large": 0.0
    },
    "type": {
        "hammer": 0.011906162497842043,
        "inverted_hammer": 0.0,
        "long_bar": 0.0
    },
    "color": {
        "red": 1,
        "green": 0
    }
}