{
    "candle": {
        "time": "2023-06-23 19:40:00",
        "interval": "FIVE_MIN",
        "open": 1918.64001,
        "low": 1918.40002,
        "high": 1919.33997,
        "close": 1919.12
    },
    "fuzzy_candle": {
        "lower_shadow_level_short": 0.4893558167986676,
        "lower_shadow_level_long": 0.0,
        "upper_shadow_level_short": 0.5319538273309986,
        "upper_shadow_level_long": 0.0,
        "body_level_small": 0.0,
        "body_level_large": 0.021309644129666072
    },
    "type": {
        "hammer": 0.0,
        "inverted_hammer": 0.0,
        "long_bar": 0.021309644129666072
    },
    "color": {
        "red": 0,
        "green": 1
    }
}