{
    "candle": {
        "time": "2023-06-26 23:05:00",
        "interval": "FIVE_MIN",
        "open": 1930.76001,
        "low": 1930.39001,
        "high": 1931.23999,
        "close": 1931.01001
    },
    "fuzzy_candle": {
        "lower_shadow_level_short": 0.12939127979503406,
        "lower_shadow_level_long": 0.0,
        "upper_shadow_level_short": 0.4588578554787651,
        "upper_shadow_level_long": 0.0,
        "body_level_small": 0.4117508647262008,
        "body_level_large": 0.0
    },
    "type": {
        "hammer": 0.0,
        "inverted_hammer": 0.0,
        "long_bar": 0.0
    },
    "color": {
        "red": 0,
        "green": 1
    }
}