{
    "candle": {
        "time": "2023-06-26 23:00:00",
        "interval": "FIVE_MIN",
        "open": 1931.56995,
        "low": 1930.62,
        "high": 1931.65002,
        "close": 1930.84998
    },
    "fuzzy_candle": {
        "lower_shadow_level_short": 0.5534455641637341,
        "lower_shadow_level_long": 0.0,
        "upper_shadow_level_short": 0.8445272907322844,
        "upper_shadow_level_long": 0.0,
        "body_level_small": 0.0,
        "body_level_large": 0.3979728548960184
    },
    "type": {
        "hammer": 0.0,
        "inverted_hammer": 0.0,
        "long_bar": 0.3979728548960184
    },
    "color": {
        "red": 1,
        "green": 0
    }
}