{
    "factors": {
        "day_map": {
            "buy": 0.22316440212891386,
            "sell": 0.0
        }
    },
    "signal": {
        "buy": 0.22316440212891386,
        "sell": 0.0
    }
}