{
    "candle": {
        "time": "2023-06-26 21:45:00",
        "interval": "FIVE_MIN",
        "open": 1932.16003,
        "low": 1931.76001,
        "high": 1932.26001,
        "close": 1932.12
    },
    "fuzzy_candle": {
        "lower_shadow_level_short": 0.0,
        "lower_shadow_level_long": 0.4399599999997008,
        "upper_shadow_level_short": 0.6000800000001618,
        "upper_shadow_level_long": 0.0,
        "body_level_small": 0.839879999999539,
        "body_level_large": 0.0
    },
    "type": {
        "hammer": 0.4399599999997008,
        "inverted_hammer": 0.0,
        "long_bar": 0.0
    },
    "color": {
        "red": 1,
        "green": 0
    }
}