{
    "candle": {
        "time": "2023-06-12 21:55:00",
        "interval": "FIVE_MIN",
        "open": 1963.83997,
        "low": 1963.56006,
        "high": 1963.98999,
        "close": 1963.56006
    },
    "fuzzy_candle": {
        "lower_shadow_level_short": 1.0,
        "lower_shadow_level_long": 0.0,
        "upper_shadow_level_short": 0.30211894959627883,
        "upper_shadow_level_long": 0.0,
        "body_level_small": 0.0,
        "body_level_large": 0.30211894959627883
    },
    "type": {
        "hammer": 0.0,
        "inverted_hammer": 0.0,
        "long_bar": 0.30211894959627883
    },
    "color": {
        "red": 1,
        "green": 0
    }
}