{
    "hitmap": {
        "1956.58005, 1956.7800499999998": {
            "hit": false,
            "above": 1.0,
            "below": 0.0
        },
        "1960.6850325, 1960.8850324999999": {
            "hit": false,
            "above": 1.0,
            "below": 0.0
        },
        "1964.790015, 1964.9900149999999": {
            "hit": false,
            "above": 0.8444444444444444,
            "below": 0.15555555555555556
        },
        "1968.8949975, 1969.0949974999999": {
            "hit": false,
            "above": 0.0,
            "below": 1.0
        },
        "1972.99998, 1973.1999799999999": {
            "hit": false,
            "above": 0.0,
            "below": 1.0
        }
    },
    "last_five_min": {
        "hammer": 0.0,
        "inverted_hammer": 0.0,
        "long_bar": 0.6337591729231442
    },
    "current_five_min": {
        "hammer": 0.0,
        "inverted_hammer": 0.0,
        "long_bar": 0.20020000000022264,
        "color": {
            "red": 0,
            "green": 1
        }
    },
    "current_bigger": 0.0007064505403844461,
    "signal": {
        "buy": 0,
        "sell": 0
    }
}