{
    "candle": {
        "time": "2023-06-15 20:25:00",
        "interval": "FIVE_MIN",
        "open": 1934.16003,
        "low": 1933.62,
        "high": 1934.30005,
        "close": 1933.67004
    },
    "fuzzy_candle": {
        "lower_shadow_level_short": 0.8528343504152084,
        "lower_shadow_level_long": 0.0,
        "upper_shadow_level_short": 0.588206749503667,
        "upper_shadow_level_long": 0.0,
        "body_level_small": 0.0,
        "body_level_large": 0.4410410999188754
    },
    "type": {
        "hammer": 0.0,
        "inverted_hammer": 0.0,
        "long_bar": 0.4410410999188754
    },
    "color": {
        "red": 1,
        "green": 0
    }
}