{
    "candle": {
        "time": "2023-06-15 20:30:00",
        "interval": "FIVE_MIN",
        "open": 1933.68994,
        "low": 1933.68994,
        "high": 1934.05005,
        "close": 1933.98999
    },
    "fuzzy_candle": {
        "lower_shadow_level_short": 1.0,
        "lower_shadow_level_long": 0.0,
        "upper_shadow_level_short": 0.6664352558939853,
        "upper_shadow_level_long": 0.0,
        "body_level_small": 0.0,
        "body_level_large": 0.6664352558939852
    },
    "type": {
        "hammer": 0.0,
        "inverted_hammer": 0.0,
        "long_bar": 0.6664352558939852
    },
    "color": {
        "red": 0,
        "green": 1
    }
}