{
    "candle": {
        "time": "2023-06-12 22:05:00",
        "interval": "FIVE_MIN",
        "open": 1964.80005,
        "low": 1964.48999,
        "high": 1965.08997,
        "close": 1964.70996
    },
    "fuzzy_candle": {
        "lower_shadow_level_short": 0.2667422247411898,
        "lower_shadow_level_long": 0.0,
        "upper_shadow_level_short": 0.03356778559299389,
        "upper_shadow_level_long": 0.0,
        "body_level_small": 0.6996899896658164,
        "body_level_large": 0.0
    },
    "type": {
        "hammer": 0.0,
        "inverted_hammer": 0.0,
        "long_bar": 0.0
    },
    "color": {
        "red": 1,
        "green": 0
    }
}