{
    "candle": {
        "time": "2023-06-12 22:10:00",
        "interval": "FIVE_MIN",
        "open": 1964.73999,
        "low": 1964.62,
        "high": 1965.05005,
        "close": 1964.63
    },
    "fuzzy_candle": {
        "lower_shadow_level_short": 0.95349377979205,
        "lower_shadow_level_long": 0.0,
        "upper_shadow_level_short": 0.0,
        "upper_shadow_level_long": 0.44197186373632125,
        "body_level_small": 0.4884780839442714,
        "body_level_large": 0.0
    },
    "type": {
        "hammer": 0.0,
        "inverted_hammer": 0.44197186373632125,
        "long_bar": 0.0
    },
    "color": {
        "red": 1,
        "green": 0
    }
}