{
    "candle": {
        "time": "2023-06-13 20:25:00",
        "interval": "FIVE_MIN",
        "open": 1963.05005,
        "low": 1963.01001,
        "high": 1963.21997,
        "close": 1963.19995
    },
    "fuzzy_candle": {
        "lower_shadow_level_short": 0.6185940179075652,
        "lower_shadow_level_long": 0.0,
        "upper_shadow_level_short": 0.8092970089526997,
        "upper_shadow_level_long": 0.0,
        "body_level_small": 0.0,
        "body_level_large": 0.4278910268602649
    },
    "type": {
        "hammer": 0.0,
        "inverted_hammer": 0.0,
        "long_bar": 0.4278910268602649
    },
    "color": {
        "red": 0,
        "green": 1
    }
}