{
    "candle": {
        "time": "2023-06-13 20:20:00",
        "interval": "FIVE_MIN",
        "open": 1963.34998,
        "low": 1962.98999,
        "high": 1963.81995,
        "close": 1963.06006
    },
    "fuzzy_candle": {
        "lower_shadow_level_short": 0.8311484890838484,
        "lower_shadow_level_long": 0.0,
        "upper_shadow_level_short": 0.0,
        "upper_shadow_level_long": 0.13251241023684757,
        "body_level_small": 0.30136392115299926,
        "body_level_large": 0.0
    },
    "type": {
        "hammer": 0.0,
        "inverted_hammer": 0.13251241023684757,
        "long_bar": 0.0
    },
    "color": {
        "red": 1,
        "green": 0
    }
}