{
    "candle": {
        "time": "2023-06-13 21:40:00",
        "interval": "FIVE_MIN",
        "open": 1965.26001,
        "low": 1964.76001,
        "high": 1965.43005,
        "close": 1964.94995
    },
    "fuzzy_candle": {
        "lower_shadow_level_short": 0.4330487732076095,
        "lower_shadow_level_long": 0.0,
        "upper_shadow_level_short": 0.49244821204710487,
        "upper_shadow_level_long": 0.0,
        "body_level_small": 0.07450301474528576,
        "body_level_large": 0.0
    },
    "type": {
        "hammer": 0.0,
        "inverted_hammer": 0.0,
        "long_bar": 0.0
    },
    "color": {
        "red": 1,
        "green": 0
    }
}