{
    "candle": {
        "time": "2023-06-12 21:05:00",
        "interval": "FIVE_MIN",
        "open": 1964.76001,
        "low": 1964.56995,
        "high": 1964.98999,
        "close": 1964.93994
    },
    "fuzzy_candle": {
        "lower_shadow_level_short": 0.09503856775585251,
        "lower_shadow_level_long": 0.0,
        "upper_shadow_level_short": 0.7616893629175363,
        "upper_shadow_level_long": 0.0,
        "body_level_small": 0.14327206932661118,
        "body_level_large": 0.0
    },
    "type": {
        "hammer": 0.0,
        "inverted_hammer": 0.0,
        "long_bar": 0.0
    },
    "color": {
        "red": 0,
        "green": 1
    }
}