{
    "candle": {
        "time": "2023-06-12 21:00:00",
        "interval": "FIVE_MIN",
        "open": 1964.17004,
        "low": 1963.76001,
        "high": 1964.90002,
        "close": 1964.70996
    },
    "fuzzy_candle": {
        "lower_shadow_level_short": 0.2806554328471168,
        "lower_shadow_level_long": 0.0,
        "upper_shadow_level_short": 0.6665643283828774,
        "upper_shadow_level_long": 0.0,
        "body_level_small": 0.05278023877000593,
        "body_level_large": 0.0
    },
    "type": {
        "hammer": 0.0,
        "inverted_hammer": 0.0,
        "long_bar": 0.0
    },
    "color": {
        "red": 0,
        "green": 1
    }
}