{
    "candle": {
        "time": "2023-06-15 22:25:00",
        "interval": "FIVE_MIN",
        "open": 1929.26001,
        "low": 1926.01001,
        "high": 1929.32996,
        "close": 1926.98999
    },
    "fuzzy_candle": {
        "lower_shadow_level_short": 0.40964171147152806,
        "lower_shadow_level_long": 0.0,
        "upper_shadow_level_short": 0.9578608111567576,
        "upper_shadow_level_long": 0.0,
        "body_level_small": 0.0,
        "body_level_large": 0.36750252262828575
    },
    "type": {
        "hammer": 0.0,
        "inverted_hammer": 0.0,
        "long_bar": 0.36750252262828575
    },
    "color": {
        "red": 1,
        "green": 0
    }
}