{
    "candle": {
        "time": "2023-06-15 22:30:00",
        "interval": "FIVE_MIN",
        "open": 1927.40002,
        "low": 1925.35999,
        "high": 1929.92004,
        "close": 1929.59998
    },
    "fuzzy_candle": {
        "lower_shadow_level_short": 0.10525981074764779,
        "lower_shadow_level_long": 0.0,
        "upper_shadow_level_short": 0.85962434622427,
        "upper_shadow_level_long": 0.0,
        "body_level_small": 0.03511584302808235,
        "body_level_large": 0.0
    },
    "type": {
        "hammer": 0.0,
        "inverted_hammer": 0.0,
        "long_bar": 0.0
    },
    "color": {
        "red": 0,
        "green": 1
    }
}