{
    "candle": {
        "time": "2023-06-23 22:15:00",
        "interval": "FIVE_MIN",
        "open": 1919.15002,
        "low": 1919.12,
        "high": 1922.18005,
        "close": 1921.63
    },
    "fuzzy_candle": {
        "lower_shadow_level_short": 0.9803794055651711,
        "lower_shadow_level_long": 0.0,
        "upper_shadow_level_short": 0.640496070325766,
        "upper_shadow_level_long": 0.0,
        "body_level_small": 0.0,
        "body_level_large": 0.620875475890937
    },
    "type": {
        "hammer": 0.0,
        "inverted_hammer": 0.0,
        "long_bar": 0.620875475890937
    },
    "color": {
        "red": 0,
        "green": 1
    }
}