{
    "candle": {
        "time": "2023-06-23 22:20:00",
        "interval": "FIVE_MIN",
        "open": 1921.35999,
        "low": 1920.81995,
        "high": 1922.68994,
        "close": 1922.67004
    },
    "fuzzy_candle": {
        "lower_shadow_level_short": 0.4224140236045253,
        "lower_shadow_level_long": 0.0,
        "upper_shadow_level_short": 0.9787164637243966,
        "upper_shadow_level_long": 0.0,
        "body_level_small": 0.0,
        "body_level_large": 0.40113048732892187
    },
    "type": {
        "hammer": 0.0,
        "inverted_hammer": 0.0,
        "long_bar": 0.40113048732892187
    },
    "color": {
        "red": 0,
        "green": 1
    }
}