{
    "candle": {
        "time": "2023-06-23 19:50:00",
        "interval": "FIVE_MIN",
        "open": 1918.85999,
        "low": 1918.44995,
        "high": 1919.07996,
        "close": 1918.44995
    },
    "fuzzy_candle": {
        "lower_shadow_level_short": 1.0,
        "lower_shadow_level_long": 0.0,
        "upper_shadow_level_short": 0.3016936239104975,
        "upper_shadow_level_long": 0.0,
        "body_level_small": 0.0,
        "body_level_large": 0.3016936239104975
    },
    "type": {
        "hammer": 0.0,
        "inverted_hammer": 0.0,
        "long_bar": 0.3016936239104975
    },
    "color": {
        "red": 1,
        "green": 0
    }
}