{
    "candle": {
        "time": "2023-06-14 20:05:00",
        "interval": "FIVE_MIN",
        "open": 1950.43994,
        "low": 1950.33997,
        "high": 1951.05005,
        "close": 1950.53003
    },
    "fuzzy_candle": {
        "lower_shadow_level_short": 0.7184260928346775,
        "lower_shadow_level_long": 0.0,
        "upper_shadow_level_short": 0.0,
        "upper_shadow_level_long": 0.46468003605259534,
        "body_level_small": 0.7462539432179178,
        "body_level_large": 0.0
    },
    "type": {
        "hammer": 0.0,
        "inverted_hammer": 0.46468003605259534,
        "long_bar": 0.0
    },
    "color": {
        "red": 0,
        "green": 1
    }
}