{
    "candle": {
        "time": "2023-06-13 22:40:00",
        "interval": "FIVE_MIN",
        "open": 1962.96997,
        "low": 1959.69995,
        "high": 1964.34998,
        "close": 1962.26001
    },
    "fuzzy_candle": {
        "lower_shadow_level_short": 0.0,
        "lower_shadow_level_long": 0.10109397143674892,
        "upper_shadow_level_short": 0.40645114117549697,
        "upper_shadow_level_long": 0.0,
        "body_level_small": 0.6946428302612521,
        "body_level_large": 0.0
    },
    "type": {
        "hammer": 0.10109397143674892,
        "inverted_hammer": 0.0,
        "long_bar": 0.0
    },
    "color": {
        "red": 1,
        "green": 0
    }
}