{
    "candle": {
        "time": "2023-06-13 22:45:00",
        "interval": "FIVE_MIN",
        "open": 1962.32996,
        "low": 1961.83997,
        "high": 1963.46997,
        "close": 1962.26001
    },
    "fuzzy_candle": {
        "lower_shadow_level_short": 0.4846134969325845,
        "lower_shadow_level_long": 0.0,
        "upper_shadow_level_short": 0.0,
        "upper_shadow_level_long": 0.3987852760736177,
        "body_level_small": 0.9141717791410333,
        "body_level_large": 0.0
    },
    "type": {
        "hammer": 0.0,
        "inverted_hammer": 0.3987852760736177,
        "long_bar": 0.0
    },
    "color": {
        "red": 1,
        "green": 0
    }
}