{
    "candle": {
        "time": "2023-06-27 20:30:00",
        "interval": "FIVE_MIN",
        "open": 1924.15002,
        "low": 1923.84998,
        "high": 1924.19995,
        "close": 1923.98999
    },
    "fuzzy_candle": {
        "lower_shadow_level_short": 0.19987427493738963,
        "lower_shadow_level_long": 0.0,
        "upper_shadow_level_short": 0.7146612566796808,
        "upper_shadow_level_long": 0.0,
        "body_level_small": 0.08546446838292954,
        "body_level_large": 0.0
    },
    "type": {
        "hammer": 0.0,
        "inverted_hammer": 0.0,
        "long_bar": 0.0
    },
    "color": {
        "red": 1,
        "green": 0
    }
}