{
    "candle": {
        "time": "2023-06-13 21:15:00",
        "interval": "FIVE_MIN",
        "open": 1965.26001,
        "low": 1965.08997,
        "high": 1965.66003,
        "close": 1965.29004
    },
    "fuzzy_candle": {
        "lower_shadow_level_short": 0.4034312177666627,
        "lower_shadow_level_long": 0.0,
        "upper_shadow_level_short": 0.0,
        "upper_shadow_level_long": 0.2980738869589452,
        "body_level_small": 0.8946426691922826,
        "body_level_large": 0.0
    },
    "type": {
        "hammer": 0.0,
        "inverted_hammer": 0.2980738869589452,
        "long_bar": 0.0
    },
    "color": {
        "red": 0,
        "green": 1
    }
}