{
    "candle": {
        "time": "2023-06-13 21:20:00",
        "interval": "FIVE_MIN",
        "open": 1965.29004,
        "low": 1964.93005,
        "high": 1965.29004,
        "close": 1965.01001
    },
    "fuzzy_candle": {
        "lower_shadow_level_short": 0.5557654379288628,
        "lower_shadow_level_long": 0.0,
        "upper_shadow_level_short": 1.0,
        "upper_shadow_level_long": 0.0,
        "body_level_small": 0.0,
        "body_level_large": 0.5557654379288628
    },
    "type": {
        "hammer": 0.0,
        "inverted_hammer": 0.0,
        "long_bar": 0.5557654379288628
    },
    "color": {
        "red": 1,
        "green": 0
    }
}