{
    "candle": {
        "time": "2023-06-14 21:00:00",
        "interval": "FIVE_MIN",
        "open": 1947.83997,
        "low": 1947.20996,
        "high": 1947.94995,
        "close": 1947.73999
    },
    "fuzzy_candle": {
        "lower_shadow_level_short": 0.0,
        "lower_shadow_level_long": 0.43253287206610835,
        "upper_shadow_level_short": 0.7027527399020383,
        "upper_shadow_level_long": 0.0,
        "body_level_small": 0.7297801321640701,
        "body_level_large": 0.0
    },
    "type": {
        "hammer": 0.43253287206610835,
        "inverted_hammer": 0.0,
        "long_bar": 0.0
    },
    "color": {
        "red": 1,
        "green": 0
    }
}