{
    "factors": {
        "day_map": {
            "buy": 0.0,
            "sell": 0.05577242293018059
        }
    },
    "signal": {
        "buy": 0.0,
        "sell": 0.05577242293018059
    }
}