{
    "candle": {
        "time": "2023-06-23 23:25:00",
        "interval": "FIVE_MIN",
        "open": 1933.28003,
        "low": 1932.95996,
        "high": 1934.43005,
        "close": 1933.96997
    },
    "fuzzy_candle": {
        "lower_shadow_level_short": 0.5645572720037807,
        "lower_shadow_level_long": 0.0,
        "upper_shadow_level_short": 0.3740791380121954,
        "upper_shadow_level_long": 0.0,
        "body_level_small": 0.061363589984023914,
        "body_level_large": 0.0
    },
    "type": {
        "hammer": 0.0,
        "inverted_hammer": 0.0,
        "long_bar": 0.0
    },
    "color": {
        "red": 0,
        "green": 1
    }
}