{
    "candle": {
        "time": "2023-06-13 20:20:00",
        "interval": "FIVE_MIN",
        "open": 1963.34998,
        "low": 1963.33997,
        "high": 1963.62,
        "close": 1963.57996
    },
    "fuzzy_candle": {
        "lower_shadow_level_short": 0.9285076598938018,
        "lower_shadow_level_long": 0.0,
        "upper_shadow_level_short": 0.7140306395752073,
        "upper_shadow_level_long": 0.0,
        "body_level_small": 0.0,
        "body_level_large": 0.642538299469009
    },
    "type": {
        "hammer": 0.0,
        "inverted_hammer": 0.0,
        "long_bar": 0.642538299469009
    },
    "color": {
        "red": 0,
        "green": 1
    }
}