{
    "factors": {
        "day_map": {
            "buy": 0.3698911621472756,
            "sell": 0.0
        }
    },
    "signal": {
        "buy": 0.3698911621472756,
        "sell": 0.0
    }
}