{
    "candle": {
        "time": "2023-06-26 20:15:00",
        "interval": "FIVE_MIN",
        "open": 1931.54004,
        "low": 1931.03003,
        "high": 1931.67004,
        "close": 1931.23999
    },
    "fuzzy_candle": {
        "lower_shadow_level_short": 0.3438852517925881,
        "lower_shadow_level_long": 0.0,
        "upper_shadow_level_short": 0.5937563475574863,
        "upper_shadow_level_long": 0.0,
        "body_level_small": 0.06235840064992548,
        "body_level_large": 0.0
    },
    "type": {
        "hammer": 0.0,
        "inverted_hammer": 0.0,
        "long_bar": 0.0
    },
    "color": {
        "red": 1,
        "green": 0
    }
}