{
    "candle": {
        "time": "2023-06-26 20:10:00",
        "interval": "FIVE_MIN",
        "open": 1931.38,
        "low": 1931.18005,
        "high": 1931.68994,
        "close": 1931.54004
    },
    "fuzzy_candle": {
        "lower_shadow_level_short": 0.21571319304102632,
        "lower_shadow_level_long": 0.0,
        "upper_shadow_level_short": 0.4120300456966147,
        "upper_shadow_level_long": 0.0,
        "body_level_small": 0.37225676126235885,
        "body_level_large": 0.0
    },
    "type": {
        "hammer": 0.0,
        "inverted_hammer": 0.0,
        "long_bar": 0.0
    },
    "color": {
        "red": 0,
        "green": 1
    }
}