{
    "candle": {
        "time": "2023-06-24 00:45:00",
        "interval": "FIVE_MIN",
        "open": 1924.48999,
        "low": 1924.48999,
        "high": 1926.33997,
        "close": 1925.93994
    },
    "fuzzy_candle": {
        "lower_shadow_level_short": 1.0,
        "lower_shadow_level_long": 0.0,
        "upper_shadow_level_short": 0.5675304597887285,
        "upper_shadow_level_long": 0.0,
        "body_level_small": 0.0,
        "body_level_large": 0.5675304597887285
    },
    "type": {
        "hammer": 0.0,
        "inverted_hammer": 0.0,
        "long_bar": 0.5675304597887285
    },
    "color": {
        "red": 0,
        "green": 1
    }
}