{
    "candle": {
        "time": "2023-06-24 00:50:00",
        "interval": "FIVE_MIN",
        "open": 1925.93994,
        "low": 1925.51001,
        "high": 1926.98999,
        "close": 1926.26001
    },
    "fuzzy_candle": {
        "lower_shadow_level_short": 0.4190056622386883,
        "lower_shadow_level_long": 0.0,
        "upper_shadow_level_short": 0.013527209827112752,
        "upper_shadow_level_long": 0.0,
        "body_level_small": 0.567467127934199,
        "body_level_large": 0.0
    },
    "type": {
        "hammer": 0.0,
        "inverted_hammer": 0.0,
        "long_bar": 0.0
    },
    "color": {
        "red": 0,
        "green": 1
    }
}