{
    "candle": {
        "time": "2023-06-27 01:00:00",
        "interval": "FIVE_MIN",
        "open": 1923.32996,
        "low": 1923.32996,
        "high": 1924.37,
        "close": 1923.98999
    },
    "fuzzy_candle": {
        "lower_shadow_level_short": 1.0,
        "lower_shadow_level_long": 0.0,
        "upper_shadow_level_short": 0.2692396446292321,
        "upper_shadow_level_long": 0.0,
        "body_level_small": 0.0,
        "body_level_large": 0.2692396446292322
    },
    "type": {
        "hammer": 0.0,
        "inverted_hammer": 0.0,
        "long_bar": 0.2692396446292322
    },
    "color": {
        "red": 0,
        "green": 1
    }
}