{
    "candle": {
        "time": "2023-06-13 00:00:00",
        "interval": "FIVE_MIN",
        "open": 1952.16003,
        "low": 1952.16003,
        "high": 1954.88,
        "close": 1954.18005
    },
    "fuzzy_candle": {
        "lower_shadow_level_short": 1.0,
        "lower_shadow_level_long": 0.0,
        "upper_shadow_level_short": 0.4853252057926042,
        "upper_shadow_level_long": 0.0,
        "body_level_small": 0.0,
        "body_level_large": 0.4853252057926041
    },
    "type": {
        "hammer": 0.0,
        "inverted_hammer": 0.0,
        "long_bar": 0.4853252057926041
    },
    "color": {
        "red": 0,
        "green": 1
    }
}