{
    "candle": {
        "time": "2023-06-12 23:55:00",
        "interval": "FIVE_MIN",
        "open": 1951.68994,
        "low": 1949.33997,
        "high": 1952.55005,
        "close": 1952.23999
    },
    "fuzzy_candle": {
        "lower_shadow_level_short": 0.0,
        "lower_shadow_level_long": 0.46411927428596145,
        "upper_shadow_level_short": 0.8068210138065,
        "upper_shadow_level_long": 0.0,
        "body_level_small": 0.6572982604794616,
        "body_level_large": 0.0
    },
    "type": {
        "hammer": 0.46411927428596145,
        "inverted_hammer": 0.0,
        "long_bar": 0.0
    },
    "color": {
        "red": 0,
        "green": 1
    }
}