{
    "candle": {
        "time": "2023-06-26 19:35:00",
        "interval": "FIVE_MIN",
        "open": 1929.95996,
        "low": 1929.73999,
        "high": 1930.16003,
        "close": 1930.05005
    },
    "fuzzy_candle": {
        "lower_shadow_level_short": 0.0,
        "lower_shadow_level_long": 0.04737644033849375,
        "upper_shadow_level_short": 0.47633558708714485,
        "upper_shadow_level_long": 0.0,
        "body_level_small": 0.5710408532513489,
        "body_level_large": 0.0
    },
    "type": {
        "hammer": 0.04737644033849375,
        "inverted_hammer": 0.0,
        "long_bar": 0.0
    },
    "color": {
        "red": 0,
        "green": 1
    }
}