{
    "candle": {
        "time": "2023-06-26 19:30:00",
        "interval": "FIVE_MIN",
        "open": 1931.73999,
        "low": 1929.78003,
        "high": 1931.73999,
        "close": 1930.04004
    },
    "fuzzy_candle": {
        "lower_shadow_level_short": 0.734678258739796,
        "lower_shadow_level_long": 0.0,
        "upper_shadow_level_short": 1.0,
        "upper_shadow_level_long": 0.0,
        "body_level_small": 0.0,
        "body_level_large": 0.734678258739796
    },
    "type": {
        "hammer": 0.0,
        "inverted_hammer": 0.0,
        "long_bar": 0.734678258739796
    },
    "color": {
        "red": 1,
        "green": 0
    }
}