{
    "candle": {
        "time": "2023-06-26 20:25:00",
        "interval": "FIVE_MIN",
        "open": 1931.45996,
        "low": 1931.13,
        "high": 1932.37,
        "close": 1932.12
    },
    "fuzzy_candle": {
        "lower_shadow_level_short": 0.4678064516131307,
        "lower_shadow_level_long": 0.0,
        "upper_shadow_level_short": 0.5967741935483162,
        "upper_shadow_level_long": 0.0,
        "body_level_small": 0.0,
        "body_level_large": 0.06458064516144679
    },
    "type": {
        "hammer": 0.0,
        "inverted_hammer": 0.0,
        "long_bar": 0.06458064516144679
    },
    "color": {
        "red": 0,
        "green": 1
    }
}