{
    "candle": {
        "time": "2023-06-26 20:30:00",
        "interval": "FIVE_MIN",
        "open": 1932.16003,
        "low": 1931.88,
        "high": 1932.34998,
        "close": 1931.91003
    },
    "fuzzy_candle": {
        "lower_shadow_level_short": 0.8722073279718008,
        "lower_shadow_level_long": 0.0,
        "upper_shadow_level_short": 0.19166773054166608,
        "upper_shadow_level_long": 0.0,
        "body_level_small": 0.0,
        "body_level_large": 0.06387505851346686
    },
    "type": {
        "hammer": 0.0,
        "inverted_hammer": 0.0,
        "long_bar": 0.06387505851346686
    },
    "color": {
        "red": 1,
        "green": 0
    }
}