{
    "candle": {
        "time": "2023-06-27 19:35:00",
        "interval": "FIVE_MIN",
        "open": 1924.31006,
        "low": 1923.96997,
        "high": 1924.51001,
        "close": 1924.43994
    },
    "fuzzy_candle": {
        "lower_shadow_level_short": 0.0,
        "lower_shadow_level_long": 0.2594992963484364,
        "upper_shadow_level_short": 0.7405007036515636,
        "upper_shadow_level_long": 0.0,
        "body_level_small": 0.5189985926968728,
        "body_level_large": 0.0
    },
    "type": {
        "hammer": 0.2594992963484364,
        "inverted_hammer": 0.0,
        "long_bar": 0.0
    },
    "color": {
        "red": 0,
        "green": 1
    }
}