{
    "candle": {
        "time": "2023-06-27 19:40:00",
        "interval": "FIVE_MIN",
        "open": 1924.37,
        "low": 1923.95996,
        "high": 1924.44995,
        "close": 1924.31006
    },
    "fuzzy_candle": {
        "lower_shadow_level_short": 0.0,
        "lower_shadow_level_long": 0.4290087552810742,
        "upper_shadow_level_short": 0.6736668095265297,
        "upper_shadow_level_long": 0.0,
        "body_level_small": 0.7553419457545446,
        "body_level_large": 0.0
    },
    "type": {
        "hammer": 0.4290087552810742,
        "inverted_hammer": 0.0,
        "long_bar": 0.0
    },
    "color": {
        "red": 1,
        "green": 0
    }
}