{
    "candle": {
        "time": "2023-06-26 20:55:00",
        "interval": "FIVE_MIN",
        "open": 1932.63,
        "low": 1931.73999,
        "high": 1932.68005,
        "close": 1931.94995
    },
    "fuzzy_candle": {
        "lower_shadow_level_short": 0.5533051081847293,
        "lower_shadow_level_long": 0.0,
        "upper_shadow_level_short": 0.8935174350576911,
        "upper_shadow_level_long": 0.0,
        "body_level_small": 0.0,
        "body_level_large": 0.44682254324242043
    },
    "type": {
        "hammer": 0.0,
        "inverted_hammer": 0.0,
        "long_bar": 0.44682254324242043
    },
    "color": {
        "red": 1,
        "green": 0
    }
}