{
    "candle": {
        "time": "2023-06-26 21:00:00",
        "interval": "FIVE_MIN",
        "open": 1931.96997,
        "low": 1931.63,
        "high": 1931.96997,
        "close": 1931.73999
    },
    "fuzzy_candle": {
        "lower_shadow_level_short": 0.3529429067274925,
        "lower_shadow_level_long": 0.0,
        "upper_shadow_level_short": 1.0,
        "upper_shadow_level_long": 0.0,
        "body_level_small": 0.0,
        "body_level_large": 0.3529429067274925
    },
    "type": {
        "hammer": 0.0,
        "inverted_hammer": 0.0,
        "long_bar": 0.3529429067274925
    },
    "color": {
        "red": 1,
        "green": 0
    }
}