{
    "candle": {
        "time": "2023-06-12 23:10:00",
        "interval": "FIVE_MIN",
        "open": 1961.14001,
        "low": 1960.65002,
        "high": 1961.98999,
        "close": 1960.96997
    },
    "fuzzy_candle": {
        "lower_shadow_level_short": 0.5224519951938267,
        "lower_shadow_level_long": 0.0,
        "upper_shadow_level_short": 0.0,
        "upper_shadow_level_long": 0.2686552684014767,
        "body_level_small": 0.7462032732076501,
        "body_level_large": 0.0
    },
    "type": {
        "hammer": 0.0,
        "inverted_hammer": 0.2686552684014767,
        "long_bar": 0.0
    },
    "color": {
        "red": 1,
        "green": 0
    }
}