{
    "candle": {
        "time": "2023-06-13 01:05:00",
        "interval": "FIVE_MIN",
        "open": 1954.07996,
        "low": 1953.98999,
        "high": 1955.45996,
        "close": 1955.44995
    },
    "fuzzy_candle": {
        "lower_shadow_level_short": 0.8775893385579278,
        "lower_shadow_level_long": 0.0,
        "upper_shadow_level_short": 0.9863806744355783,
        "upper_shadow_level_long": 0.0,
        "body_level_small": 0.0,
        "body_level_large": 0.863970012993506
    },
    "type": {
        "hammer": 0.0,
        "inverted_hammer": 0.0,
        "long_bar": 0.863970012993506
    },
    "color": {
        "red": 0,
        "green": 1
    }
}