{
    "candle": {
        "time": "2023-06-13 01:00:00",
        "interval": "FIVE_MIN",
        "open": 1954.31006,
        "low": 1953.92004,
        "high": 1954.90002,
        "close": 1954.06006
    },
    "fuzzy_candle": {
        "lower_shadow_level_short": 0.7142390661033088,
        "lower_shadow_level_long": 0.0,
        "upper_shadow_level_short": 0.0,
        "upper_shadow_level_long": 0.20402457192999401,
        "body_level_small": 0.48978550582668523,
        "body_level_large": 0.0
    },
    "type": {
        "hammer": 0.0,
        "inverted_hammer": 0.20402457192999401,
        "long_bar": 0.0
    },
    "color": {
        "red": 1,
        "green": 0
    }
}