{
    "candle": {
        "time": "2023-06-23 22:05:00",
        "interval": "FIVE_MIN",
        "open": 1919.68994,
        "low": 1919.37,
        "high": 1920.78003,
        "close": 1920.59998
    },
    "fuzzy_candle": {
        "lower_shadow_level_short": 0.5461940526086871,
        "lower_shadow_level_long": 0.0,
        "upper_shadow_level_short": 0.7446153627937893,
        "upper_shadow_level_long": 0.0,
        "body_level_small": 0.0,
        "body_level_large": 0.2908094154024765
    },
    "type": {
        "hammer": 0.0,
        "inverted_hammer": 0.0,
        "long_bar": 0.2908094154024765
    },
    "color": {
        "red": 0,
        "green": 1
    }
}