{
    "candle": {
        "time": "2023-06-13 19:45:00",
        "interval": "FIVE_MIN",
        "open": 1962.93994,
        "low": 1962.91003,
        "high": 1963.70996,
        "close": 1963.35999
    },
    "fuzzy_candle": {
        "lower_shadow_level_short": 0.9252184566150135,
        "lower_shadow_level_long": 0.0,
        "upper_shadow_level_short": 0.12499843736320215,
        "upper_shadow_level_long": 0.0,
        "body_level_small": 0.0,
        "body_level_large": 0.05021689397821549
    },
    "type": {
        "hammer": 0.0,
        "inverted_hammer": 0.0,
        "long_bar": 0.05021689397821549
    },
    "color": {
        "red": 0,
        "green": 1
    }
}