{
    "candle": {
        "time": "2023-06-26 22:15:00",
        "interval": "FIVE_MIN",
        "open": 1931.94995,
        "low": 1931.88,
        "high": 1932.44995,
        "close": 1932.17004
    },
    "fuzzy_candle": {
        "lower_shadow_level_short": 0.7545398719190967,
        "lower_shadow_level_long": 0.0,
        "upper_shadow_level_short": 0.017773488902347534,
        "upper_shadow_level_long": 0.0,
        "body_level_small": 0.2276866391785558,
        "body_level_large": 0.0
    },
    "type": {
        "hammer": 0.0,
        "inverted_hammer": 0.0,
        "long_bar": 0.0
    },
    "color": {
        "red": 0,
        "green": 1
    }
}