{
    "candle": {
        "time": "2023-06-13 22:25:00",
        "interval": "FIVE_MIN",
        "open": 1959.93994,
        "low": 1959.93994,
        "high": 1961.15002,
        "close": 1960.83997
    },
    "fuzzy_candle": {
        "lower_shadow_level_short": 1.0,
        "lower_shadow_level_long": 0.0,
        "upper_shadow_level_short": 0.48755454184842206,
        "upper_shadow_level_long": 0.0,
        "body_level_small": 0.0,
        "body_level_large": 0.48755454184842195
    },
    "type": {
        "hammer": 0.0,
        "inverted_hammer": 0.0,
        "long_bar": 0.48755454184842195
    },
    "color": {
        "red": 0,
        "green": 1
    }
}