{
    "candle": {
        "time": "2023-06-27 19:15:00",
        "interval": "FIVE_MIN",
        "open": 1925.38,
        "low": 1925.04004,
        "high": 1925.57996,
        "close": 1925.28003
    },
    "fuzzy_candle": {
        "lower_shadow_level_short": 0.1110164468816327,
        "lower_shadow_level_long": 0.0,
        "upper_shadow_level_short": 0.2592976737296564,
        "upper_shadow_level_long": 0.0,
        "body_level_small": 0.6296858793887109,
        "body_level_large": 0.0
    },
    "type": {
        "hammer": 0.0,
        "inverted_hammer": 0.0,
        "long_bar": 0.0
    },
    "color": {
        "red": 1,
        "green": 0
    }
}