{
    "candle": {
        "time": "2023-06-23 22:00:00",
        "interval": "FIVE_MIN",
        "open": 1919.21997,
        "low": 1919.07996,
        "high": 1919.96997,
        "close": 1919.67004
    },
    "fuzzy_candle": {
        "lower_shadow_level_short": 0.685374321636694,
        "lower_shadow_level_long": 0.0,
        "upper_shadow_level_short": 0.32600757294838023,
        "upper_shadow_level_long": 0.0,
        "body_level_small": 0.0,
        "body_level_large": 0.011381894585074104
    },
    "type": {
        "hammer": 0.0,
        "inverted_hammer": 0.0,
        "long_bar": 0.011381894585074104
    },
    "color": {
        "red": 0,
        "green": 1
    }
}