{
    "candle": {
        "time": "2023-06-23 19:55:00",
        "interval": "FIVE_MIN",
        "open": 1918.44995,
        "low": 1917.31995,
        "high": 1918.56006,
        "close": 1917.31995
    },
    "fuzzy_candle": {
        "lower_shadow_level_short": 1.0,
        "lower_shadow_level_long": 0.0,
        "upper_shadow_level_short": 0.8224189789614137,
        "upper_shadow_level_long": 0.0,
        "body_level_small": 0.0,
        "body_level_large": 0.8224189789614136
    },
    "type": {
        "hammer": 0.0,
        "inverted_hammer": 0.0,
        "long_bar": 0.8224189789614136
    },
    "color": {
        "red": 1,
        "green": 0
    }
}