{
    "candle": {
        "time": "2023-06-23 20:35:00",
        "interval": "FIVE_MIN",
        "open": 1917.43005,
        "low": 1917.32996,
        "high": 1918.14001,
        "close": 1918.12
    },
    "fuzzy_candle": {
        "lower_shadow_level_short": 0.7528794518859245,
        "lower_shadow_level_long": 0.0,
        "upper_shadow_level_short": 0.9505956422438546,
        "upper_shadow_level_long": 0.0,
        "body_level_small": 0.0,
        "body_level_large": 0.7034750941297792
    },
    "type": {
        "hammer": 0.0,
        "inverted_hammer": 0.0,
        "long_bar": 0.7034750941297792
    },
    "color": {
        "red": 0,
        "green": 1
    }
}