{
    "candle": {
        "time": "2023-06-23 20:40:00",
        "interval": "FIVE_MIN",
        "open": 1918.09998,
        "low": 1917.42004,
        "high": 1918.10999,
        "close": 1917.67004
    },
    "fuzzy_candle": {
        "lower_shadow_level_short": 0.2753098050582886,
        "lower_shadow_level_long": 0.0,
        "upper_shadow_level_short": 0.9709834045946334,
        "upper_shadow_level_long": 0.0,
        "body_level_small": 0.0,
        "body_level_large": 0.246293209652922
    },
    "type": {
        "hammer": 0.0,
        "inverted_hammer": 0.0,
        "long_bar": 0.246293209652922
    },
    "color": {
        "red": 1,
        "green": 0
    }
}