{
    "candle": {
        "time": "2023-06-13 23:25:00",
        "interval": "FIVE_MIN",
        "open": 1959.37,
        "low": 1959.16003,
        "high": 1961.35999,
        "close": 1960.60999
    },
    "fuzzy_candle": {
        "lower_shadow_level_short": 0.8091147111766647,
        "lower_shadow_level_long": 0.0,
        "upper_shadow_level_short": 0.31816942126217973,
        "upper_shadow_level_long": 0.0,
        "body_level_small": 0.0,
        "body_level_large": 0.1272841324388443
    },
    "type": {
        "hammer": 0.0,
        "inverted_hammer": 0.0,
        "long_bar": 0.1272841324388443
    },
    "color": {
        "red": 0,
        "green": 1
    }
}