{
    "candle": {
        "time": "2023-06-15 20:25:00",
        "interval": "FIVE_MIN",
        "open": 1934.16003,
        "low": 1933.94995,
        "high": 1934.16003,
        "close": 1934.06006
    },
    "fuzzy_candle": {
        "lower_shadow_level_short": 0.0,
        "lower_shadow_level_long": 0.04826732673309797,
        "upper_shadow_level_short": 1.0,
        "upper_shadow_level_long": 0.0,
        "body_level_small": 0.04826732673309786,
        "body_level_large": 0.0
    },
    "type": {
        "hammer": 0.04826732673309786,
        "inverted_hammer": 0.0,
        "long_bar": 0.0
    },
    "color": {
        "red": 1,
        "green": 0
    }
}