{
    "candle": {
        "time": "2023-06-26 19:45:00",
        "interval": "FIVE_MIN",
        "open": 1930.15002,
        "low": 1929.96997,
        "high": 1930.35999,
        "close": 1930.23999
    },
    "fuzzy_candle": {
        "lower_shadow_level_short": 0.07671401466581451,
        "lower_shadow_level_long": 0.0,
        "upper_shadow_level_short": 0.38464694118278253,
        "upper_shadow_level_long": 0.0,
        "body_level_small": 0.538639044151403,
        "body_level_large": 0.0
    },
    "type": {
        "hammer": 0.0,
        "inverted_hammer": 0.0,
        "long_bar": 0.0
    },
    "color": {
        "red": 0,
        "green": 1
    }
}