{
    "candle": {
        "time": "2023-06-26 19:50:00",
        "interval": "FIVE_MIN",
        "open": 1930.31995,
        "low": 1929.39001,
        "high": 1930.31995,
        "close": 1930.17004
    },
    "fuzzy_candle": {
        "lower_shadow_level_short": 0.0,
        "lower_shadow_level_long": 0.6775921027161047,
        "upper_shadow_level_short": 1.0,
        "upper_shadow_level_long": 0.0,
        "body_level_small": 0.6775921027161048,
        "body_level_large": 0.0
    },
    "type": {
        "hammer": 0.6775921027161047,
        "inverted_hammer": 0.0,
        "long_bar": 0.0
    },
    "color": {
        "red": 1,
        "green": 0
    }
}