{
    "candle": {
        "time": "2023-06-13 23:25:00",
        "interval": "FIVE_MIN",
        "open": 1959.37,
        "low": 1959.16003,
        "high": 1960.62,
        "close": 1960.37
    },
    "fuzzy_candle": {
        "lower_shadow_level_short": 0.7123639526840945,
        "lower_shadow_level_long": 0.0,
        "upper_shadow_level_short": 0.6575272094631811,
        "upper_shadow_level_long": 0.0,
        "body_level_small": 0.0,
        "body_level_large": 0.3698911621472756
    },
    "type": {
        "hammer": 0.0,
        "inverted_hammer": 0.0,
        "long_bar": 0.3698911621472756
    },
    "color": {
        "red": 0,
        "green": 1
    }
}