{
    "candle": {
        "time": "2023-06-26 21:15:00",
        "interval": "FIVE_MIN",
        "open": 1932.44995,
        "low": 1932.19995,
        "high": 1932.51001,
        "close": 1932.26001
    },
    "fuzzy_candle": {
        "lower_shadow_level_short": 0.6125911113976831,
        "lower_shadow_level_long": 0.0,
        "upper_shadow_level_short": 0.6125911113976831,
        "upper_shadow_level_long": 0.0,
        "body_level_small": 0.0,
        "body_level_large": 0.22518222279536615
    },
    "type": {
        "hammer": 0.0,
        "inverted_hammer": 0.0,
        "long_bar": 0.22518222279536615
    },
    "color": {
        "red": 1,
        "green": 0
    }
}