{
    "candle": {
        "time": "2023-06-12 23:30:00",
        "interval": "FIVE_MIN",
        "open": 1957.38,
        "low": 1956.20996,
        "high": 1957.48999,
        "close": 1956.32996
    },
    "fuzzy_candle": {
        "lower_shadow_level_short": 0.8125043944280891,
        "lower_shadow_level_long": 0.0,
        "upper_shadow_level_short": 0.8281446528598322,
        "upper_shadow_level_long": 0.0,
        "body_level_small": 0.0,
        "body_level_large": 0.6406490472879212
    },
    "type": {
        "hammer": 0.0,
        "inverted_hammer": 0.0,
        "long_bar": 0.6406490472879212
    },
    "color": {
        "red": 1,
        "green": 0
    }
}