{
    "candle": {
        "time": "2023-06-15 22:15:00",
        "interval": "FIVE_MIN",
        "open": 1928.39001,
        "low": 1927.58997,
        "high": 1931.57996,
        "close": 1931.01001
    },
    "fuzzy_candle": {
        "lower_shadow_level_short": 0.5989764385374028,
        "lower_shadow_level_long": 0.0,
        "upper_shadow_level_short": 0.7143100609274421,
        "upper_shadow_level_long": 0.0,
        "body_level_small": 0.0,
        "body_level_large": 0.313286499464845
    },
    "type": {
        "hammer": 0.0,
        "inverted_hammer": 0.0,
        "long_bar": 0.313286499464845
    },
    "color": {
        "red": 0,
        "green": 1
    }
}