{
    "candle": {
        "time": "2023-06-15 22:20:00",
        "interval": "FIVE_MIN",
        "open": 1930.41003,
        "low": 1929.01001,
        "high": 1931.03003,
        "close": 1929.10999
    },
    "fuzzy_candle": {
        "lower_shadow_level_short": 0.901010881080422,
        "lower_shadow_level_long": 0.0,
        "upper_shadow_level_short": 0.38614469163680365,
        "upper_shadow_level_long": 0.0,
        "body_level_small": 0.0,
        "body_level_large": 0.2871555727172257
    },
    "type": {
        "hammer": 0.0,
        "inverted_hammer": 0.0,
        "long_bar": 0.2871555727172257
    },
    "color": {
        "red": 1,
        "green": 0
    }
}