{
    "candle": {
        "time": "2023-06-26 22:25:00",
        "interval": "FIVE_MIN",
        "open": 1930.78003,
        "low": 1929.92004,
        "high": 1931.73999,
        "close": 1929.92004
    },
    "fuzzy_candle": {
        "lower_shadow_level_short": 1.0,
        "lower_shadow_level_long": 0.0,
        "upper_shadow_level_short": 0.0,
        "upper_shadow_level_long": 0.05493008049683157,
        "body_level_small": 0.05493008049683168,
        "body_level_large": 0.0
    },
    "type": {
        "hammer": 0.0,
        "inverted_hammer": 0.05493008049683157,
        "long_bar": 0.0
    },
    "color": {
        "red": 1,
        "green": 0
    }
}