{
    "candle": {
        "time": "2023-06-26 22:20:00",
        "interval": "FIVE_MIN",
        "open": 1931.53003,
        "low": 1930.51001,
        "high": 1932.13,
        "close": 1930.92004
    },
    "fuzzy_candle": {
        "lower_shadow_level_short": 0.49378699868521436,
        "lower_shadow_level_long": 0.0,
        "upper_shadow_level_short": 0.25929172402279144,
        "upper_shadow_level_long": 0.0,
        "body_level_small": 0.2469212772919942,
        "body_level_large": 0.0
    },
    "type": {
        "hammer": 0.0,
        "inverted_hammer": 0.0,
        "long_bar": 0.0
    },
    "color": {
        "red": 1,
        "green": 0
    }
}