{
    "candle": {
        "time": "2023-06-26 19:35:00",
        "interval": "FIVE_MIN",
        "open": 1929.95996,
        "low": 1929.68994,
        "high": 1930.16003,
        "close": 1929.92004
    },
    "fuzzy_candle": {
        "lower_shadow_level_short": 0.021038524537940972,
        "lower_shadow_level_long": 0.0,
        "upper_shadow_level_short": 0.1488012933689955,
        "upper_shadow_level_long": 0.0,
        "body_level_small": 0.8301601820930635,
        "body_level_large": 0.0
    },
    "type": {
        "hammer": 0.0,
        "inverted_hammer": 0.0,
        "long_bar": 0.0
    },
    "color": {
        "red": 1,
        "green": 0
    }
}