{
    "candle": {
        "time": "2023-06-27 20:10:00",
        "interval": "FIVE_MIN",
        "open": 1923.80005,
        "low": 1923.65002,
        "high": 1924.17004,
        "close": 1923.81995
    },
    "fuzzy_candle": {
        "lower_shadow_level_short": 0.4229837313948116,
        "lower_shadow_level_long": 0.0,
        "upper_shadow_level_short": 0.0,
        "upper_shadow_level_long": 0.3464482135300775,
        "body_level_small": 0.9234644821352658,
        "body_level_large": 0.0
    },
    "type": {
        "hammer": 0.0,
        "inverted_hammer": 0.3464482135300775,
        "long_bar": 0.0
    },
    "color": {
        "red": 0,
        "green": 1
    }
}