{
    "factors": {
        "day_map": {
            "buy": 0.0,
            "sell": 4.1228658507852114e-05
        }
    },
    "signal": {
        "buy": 0.0,
        "sell": 4.1228658507852114e-05
    }
}