{
    "candle": {
        "time": "2023-06-15 21:10:00",
        "interval": "FIVE_MIN",
        "open": 1933.18005,
        "low": 1933.01001,
        "high": 1933.57996,
        "close": 1933.33997
    },
    "fuzzy_candle": {
        "lower_shadow_level_short": 0.40331608035809074,
        "lower_shadow_level_long": 0.0,
        "upper_shadow_level_short": 0.1578559522764874,
        "upper_shadow_level_long": 0.0,
        "body_level_small": 0.43882796736542184,
        "body_level_large": 0.0
    },
    "type": {
        "hammer": 0.0,
        "inverted_hammer": 0.0,
        "long_bar": 0.0
    },
    "color": {
        "red": 0,
        "green": 1
    }
}