{
    "candle": {
        "time": "2023-06-12 22:35:00",
        "interval": "FIVE_MIN",
        "open": 1962.84998,
        "low": 1961.13,
        "high": 1963.56995,
        "close": 1963.28003
    },
    "fuzzy_candle": {
        "lower_shadow_level_short": 0.0,
        "lower_shadow_level_long": 0.40984856247044665,
        "upper_shadow_level_short": 0.7623557859790806,
        "upper_shadow_level_long": 0.0,
        "body_level_small": 0.6474927764913662,
        "body_level_large": 0.0
    },
    "type": {
        "hammer": 0.40984856247044665,
        "inverted_hammer": 0.0,
        "long_bar": 0.0
    },
    "color": {
        "red": 0,
        "green": 1
    }
}