{
    "hitmap": {
        "1910.21006, 1910.41006": {
            "hit": false,
            "above": 1.0,
            "below": 0.0
        },
        "1916.89756, 1917.09756": {
            "hit": false,
            "above": 1.0,
            "below": 0.0
        },
        "1923.58506, 1923.78506": {
            "hit": false,
            "above": 1.0,
            "below": 0.0
        },
        "1930.27256, 1930.47256": {
            "hit": false,
            "above": 0.9555555555555556,
            "below": 0.044444444444444446
        },
        "1936.96006, 1937.16006": {
            "hit": false,
            "above": 0.0,
            "below": 1.0
        }
    },
    "last_five_min": {
        "hammer": 0.5760092132390033,
        "inverted_hammer": 0.0,
        "long_bar": 0.0
    },
    "current_five_min": {
        "hammer": 0.21758413775139562,
        "inverted_hammer": 0.0,
        "long_bar": 0.0,
        "color": {
            "red": 0,
            "green": 1
        }
    },
    "current_bigger": 1.522997951276035e-08,
    "signal": {
        "buy": 0,
        "sell": 0
    }
}