{
    "candle": {
        "time": "2023-06-26 19:15:00",
        "interval": "FIVE_MIN",
        "open": 1932.09998,
        "low": 1931.89001,
        "high": 1932.53003,
        "close": 1932.30005
    },
    "fuzzy_candle": {
        "lower_shadow_level_short": 0.34386425424223277,
        "lower_shadow_level_long": 0.0,
        "upper_shadow_level_short": 0.28133495828284993,
        "upper_shadow_level_long": 0.0,
        "body_level_small": 0.3748007874749173,
        "body_level_large": 0.0
    },
    "type": {
        "hammer": 0.0,
        "inverted_hammer": 0.0,
        "long_bar": 0.0
    },
    "color": {
        "red": 0,
        "green": 1
    }
}