{
    "candle": {
        "time": "2023-06-26 19:20:00",
        "interval": "FIVE_MIN",
        "open": 1932.39001,
        "low": 1931.81995,
        "high": 1932.41003,
        "close": 1932.19995
    },
    "fuzzy_candle": {
        "lower_shadow_level_short": 0.0,
        "lower_shadow_level_long": 0.2879609544465771,
        "upper_shadow_level_short": 0.9321447939264736,
        "upper_shadow_level_long": 0.0,
        "body_level_small": 0.35581616052010356,
        "body_level_large": 0.0
    },
    "type": {
        "hammer": 0.2879609544465771,
        "inverted_hammer": 0.0,
        "long_bar": 0.0
    },
    "color": {
        "red": 1,
        "green": 0
    }
}