{
    "candle": {
        "time": "2023-06-15 19:50:00",
        "interval": "FIVE_MIN",
        "open": 1934.05005,
        "low": 1933.55005,
        "high": 1934.05005,
        "close": 1933.58997
    },
    "fuzzy_candle": {
        "lower_shadow_level_short": 0.8403200000002471,
        "lower_shadow_level_long": 0.0,
        "upper_shadow_level_short": 1.0,
        "upper_shadow_level_long": 0.0,
        "body_level_small": 0.0,
        "body_level_large": 0.8403200000002471
    },
    "type": {
        "hammer": 0.0,
        "inverted_hammer": 0.0,
        "long_bar": 0.8403200000002471
    },
    "color": {
        "red": 1,
        "green": 0
    }
}