{
    "candle": {
        "time": "2023-06-27 19:35:00",
        "interval": "FIVE_MIN",
        "open": 1924.31006,
        "low": 1924.01001,
        "high": 1924.51001,
        "close": 1924.12
    },
    "fuzzy_candle": {
        "lower_shadow_level_short": 0.5600400000002992,
        "lower_shadow_level_long": 0.0,
        "upper_shadow_level_short": 0.20020000000022264,
        "upper_shadow_level_long": 0.0,
        "body_level_small": 0.23975999999947817,
        "body_level_large": 0.0
    },
    "type": {
        "hammer": 0.0,
        "inverted_hammer": 0.0,
        "long_bar": 0.0
    },
    "color": {
        "red": 1,
        "green": 0
    }
}