{
    "candle": {
        "time": "2023-06-23 19:20:00",
        "interval": "FIVE_MIN",
        "open": 1917.69995,
        "low": 1917.68994,
        "high": 1918.76001,
        "close": 1918.56995
    },
    "fuzzy_candle": {
        "lower_shadow_level_short": 0.981290943583194,
        "lower_shadow_level_long": 0.0,
        "upper_shadow_level_short": 0.644770902838309,
        "upper_shadow_level_long": 0.0,
        "body_level_small": 0.0,
        "body_level_large": 0.6260618464215029
    },
    "type": {
        "hammer": 0.0,
        "inverted_hammer": 0.0,
        "long_bar": 0.6260618464215029
    },
    "color": {
        "red": 0,
        "green": 1
    }
}