{
    "candle": {
        "time": "2023-06-23 19:25:00",
        "interval": "FIVE_MIN",
        "open": 1918.69995,
        "low": 1918.51001,
        "high": 1919.12,
        "close": 1918.98999
    },
    "fuzzy_candle": {
        "lower_shadow_level_short": 0.3772356923883934,
        "lower_shadow_level_long": 0.0,
        "upper_shadow_level_short": 0.5737307168974165,
        "upper_shadow_level_long": 0.0,
        "body_level_small": 0.04903359071419022,
        "body_level_large": 0.0
    },
    "type": {
        "hammer": 0.0,
        "inverted_hammer": 0.0,
        "long_bar": 0.0
    },
    "color": {
        "red": 0,
        "green": 1
    }
}