{
    "candle": {
        "time": "2023-06-26 21:20:00",
        "interval": "FIVE_MIN",
        "open": 1932.23999,
        "low": 1931.38,
        "high": 1932.26001,
        "close": 1931.82996
    },
    "fuzzy_candle": {
        "lower_shadow_level_short": 0.0,
        "lower_shadow_level_long": 0.022624742900631656,
        "upper_shadow_level_short": 0.9545005170397278,
        "upper_shadow_level_long": 0.0,
        "body_level_small": 0.06812422586090394,
        "body_level_large": 0.0
    },
    "type": {
        "hammer": 0.022624742900631656,
        "inverted_hammer": 0.0,
        "long_bar": 0.0
    },
    "color": {
        "red": 1,
        "green": 0
    }
}