{
    "candle": {
        "time": "2023-06-26 21:25:00",
        "interval": "FIVE_MIN",
        "open": 1931.88,
        "low": 1931.81995,
        "high": 1932.20996,
        "close": 1931.95996
    },
    "fuzzy_candle": {
        "lower_shadow_level_short": 0.6920591779694364,
        "lower_shadow_level_long": 0.0,
        "upper_shadow_level_short": 0.0,
        "upper_shadow_level_long": 0.28201840978486614,
        "body_level_small": 0.5899592318154296,
        "body_level_large": 0.0
    },
    "type": {
        "hammer": 0.0,
        "inverted_hammer": 0.28201840978486614,
        "long_bar": 0.0
    },
    "color": {
        "red": 0,
        "green": 1
    }
}