{
    "factors": {
        "day_map": {
            "buy": 0.025554681891216235,
            "sell": 0.0
        }
    },
    "signal": {
        "buy": 0.025554681891216235,
        "sell": 0.0
    }
}