{
    "candle": {
        "time": "2023-06-23 20:00:00",
        "interval": "FIVE_MIN",
        "open": 1918.01001,
        "low": 1917.51001,
        "high": 1918.26001,
        "close": 1917.51001
    },
    "fuzzy_candle": {
        "lower_shadow_level_short": 1.0,
        "lower_shadow_level_long": 0.0,
        "upper_shadow_level_short": 0.33333333333333337,
        "upper_shadow_level_long": 0.0,
        "body_level_small": 0.0,
        "body_level_large": 0.33333333333333326
    },
    "type": {
        "hammer": 0.0,
        "inverted_hammer": 0.0,
        "long_bar": 0.33333333333333326
    },
    "color": {
        "red": 1,
        "green": 0
    }
}