{
    "candle": {
        "time": "2023-06-26 22:55:00",
        "interval": "FIVE_MIN",
        "open": 1932.81995,
        "low": 1932.15002,
        "high": 1933.04004,
        "close": 1932.15002
    },
    "fuzzy_candle": {
        "lower_shadow_level_short": 1.0,
        "lower_shadow_level_long": 0.0,
        "upper_shadow_level_short": 0.5054268443405425,
        "upper_shadow_level_long": 0.0,
        "body_level_small": 0.0,
        "body_level_large": 0.5054268443405425
    },
    "type": {
        "hammer": 0.0,
        "inverted_hammer": 0.0,
        "long_bar": 0.5054268443405425
    },
    "color": {
        "red": 1,
        "green": 0
    }
}