{
    "candle": {
        "time": "2023-06-13 19:30:00",
        "interval": "FIVE_MIN",
        "open": 1963.39001,
        "low": 1963.39001,
        "high": 1964.10999,
        "close": 1963.57996
    },
    "fuzzy_candle": {
        "lower_shadow_level_short": 1.0,
        "lower_shadow_level_long": 0.0,
        "upper_shadow_level_short": 0.0,
        "upper_shadow_level_long": 0.4723464540681883,
        "body_level_small": 0.4723464540681883,
        "body_level_large": 0.0
    },
    "type": {
        "hammer": 0.0,
        "inverted_hammer": 0.4723464540681883,
        "long_bar": 0.0
    },
    "color": {
        "red": 0,
        "green": 1
    }
}