{
    "factors": {
        "day_map": {
            "buy": 0.0,
            "sell": 0.047664396933096764
        }
    },
    "signal": {
        "buy": 0.0,
        "sell": 0.047664396933096764
    }
}