{
    "factors": {
        "day_map": {
            "buy": 0.0,
            "sell": 0.2512872058913014
        }
    },
    "signal": {
        "buy": 0.0,
        "sell": 0.2512872058913014
    }
}