{
    "candle": {
        "time": "2023-06-13 22:10:00",
        "interval": "FIVE_MIN",
        "open": 1962.48999,
        "low": 1959.81006,
        "high": 1962.48999,
        "close": 1959.91003
    },
    "fuzzy_candle": {
        "lower_shadow_level_short": 0.925393573712758,
        "lower_shadow_level_long": 0.0,
        "upper_shadow_level_short": 1.0,
        "upper_shadow_level_long": 0.0,
        "body_level_small": 0.0,
        "body_level_large": 0.9253935737127579
    },
    "type": {
        "hammer": 0.0,
        "inverted_hammer": 0.0,
        "long_bar": 0.9253935737127579
    },
    "color": {
        "red": 1,
        "green": 0
    }
}