{
    "candle": {
        "time": "2023-06-13 22:15:00",
        "interval": "FIVE_MIN",
        "open": 1959.84998,
        "low": 1959.37,
        "high": 1960.17004,
        "close": 1959.42004
    },
    "fuzzy_candle": {
        "lower_shadow_level_short": 0.8749062546870761,
        "lower_shadow_level_long": 0.0,
        "upper_shadow_level_short": 0.19989000549977542,
        "upper_shadow_level_long": 0.0,
        "body_level_small": 0.0,
        "body_level_large": 0.07479626018685148
    },
    "type": {
        "hammer": 0.0,
        "inverted_hammer": 0.0,
        "long_bar": 0.07479626018685148
    },
    "color": {
        "red": 1,
        "green": 0
    }
}