{
    "candle": {
        "time": "2023-06-14 00:30:00",
        "interval": "FIVE_MIN",
        "open": 1953.12,
        "low": 1951.93005,
        "high": 1953.18005,
        "close": 1951.93005
    },
    "fuzzy_candle": {
        "lower_shadow_level_short": 1.0,
        "lower_shadow_level_long": 0.0,
        "upper_shadow_level_short": 0.9039199999999256,
        "upper_shadow_level_long": 0.0,
        "body_level_small": 0.0,
        "body_level_large": 0.9039199999999254
    },
    "type": {
        "hammer": 0.0,
        "inverted_hammer": 0.0,
        "long_bar": 0.9039199999999254
    },
    "color": {
        "red": 1,
        "green": 0
    }
}