{
    "candle": {
        "time": "2023-06-13 19:40:00",
        "interval": "FIVE_MIN",
        "open": 1963.20996,
        "low": 1963.20996,
        "high": 1963.53003,
        "close": 1963.43994
    },
    "fuzzy_candle": {
        "lower_shadow_level_short": 1.0,
        "lower_shadow_level_long": 0.0,
        "upper_shadow_level_short": 0.4370606429848348,
        "upper_shadow_level_long": 0.0,
        "body_level_small": 0.0,
        "body_level_large": 0.43706064298483494
    },
    "type": {
        "hammer": 0.0,
        "inverted_hammer": 0.0,
        "long_bar": 0.43706064298483494
    },
    "color": {
        "red": 0,
        "green": 1
    }
}