{
    "candle": {
        "time": "2023-06-13 21:30:00",
        "interval": "FIVE_MIN",
        "open": 1965.44995,
        "low": 1965.12,
        "high": 1965.53003,
        "close": 1965.34998
    },
    "fuzzy_candle": {
        "lower_shadow_level_short": 0.0,
        "lower_shadow_level_long": 0.12177157768975566,
        "upper_shadow_level_short": 0.609394434553806,
        "upper_shadow_level_long": 0.0,
        "body_level_small": 0.5123771431359496,
        "body_level_large": 0.0
    },
    "type": {
        "hammer": 0.12177157768975566,
        "inverted_hammer": 0.0,
        "long_bar": 0.0
    },
    "color": {
        "red": 1,
        "green": 0
    }
}