{
    "candle": {
        "time": "2023-06-13 21:35:00",
        "interval": "FIVE_MIN",
        "open": 1965.38,
        "low": 1965.35999,
        "high": 1965.59998,
        "close": 1965.53003
    },
    "fuzzy_candle": {
        "lower_shadow_level_short": 0.8332430517923157,
        "lower_shadow_level_long": 0.0,
        "upper_shadow_level_short": 0.4170590441264006,
        "upper_shadow_level_long": 0.0,
        "body_level_small": 0.0,
        "body_level_large": 0.2503020959187163
    },
    "type": {
        "hammer": 0.0,
        "inverted_hammer": 0.0,
        "long_bar": 0.2503020959187163
    },
    "color": {
        "red": 0,
        "green": 1
    }
}