{
    "candle": {
        "time": "2023-06-14 21:05:00",
        "interval": "FIVE_MIN",
        "open": 1947.73999,
        "low": 1947.06006,
        "high": 1948.14001,
        "close": 1947.12
    },
    "fuzzy_candle": {
        "lower_shadow_level_short": 0.8889948608734357,
        "lower_shadow_level_long": 0.0,
        "upper_shadow_level_short": 0.25918792536687685,
        "upper_shadow_level_long": 0.0,
        "body_level_small": 0.0,
        "body_level_large": 0.14818278624031267
    },
    "type": {
        "hammer": 0.0,
        "inverted_hammer": 0.0,
        "long_bar": 0.14818278624031267
    },
    "color": {
        "red": 1,
        "green": 0
    }
}