{
    "hitmap": {
        "1910.21006, 1910.41006": {
            "hit": false,
            "above": 1.0,
            "below": 0.0
        },
        "1916.89756, 1917.09756": {
            "hit": false,
            "above": 1.0,
            "below": 0.0
        },
        "1923.58506, 1923.78506": {
            "hit": true,
            "above": 0.8666666666666667,
            "below": 0.13333333333333333
        }
    },
    "last_five_min": {
        "hammer": 0.013726403462714254,
        "inverted_hammer": 0.0,
        "long_bar": 0.0
    },
    "current_five_min": {
        "hammer": 0.08648742068461956,
        "inverted_hammer": 0.0,
        "long_bar": 0.0,
        "color": {
            "red": 0,
            "green": 1
        }
    },
    "current_bigger": 0.014339175436019501,
    "signal": {
        "buy": 0.0,
        "sell": 0.0
    }
}