{
    "candle": {
        "time": "2023-06-15 21:15:00",
        "interval": "FIVE_MIN",
        "open": 1933.31995,
        "low": 1932.19995,
        "high": 1933.64001,
        "close": 1932.56006
    },
    "fuzzy_candle": {
        "lower_shadow_level_short": 0.4998680610529501,
        "lower_shadow_level_long": 0.0,
        "upper_shadow_level_short": 0.5554907434412688,
        "upper_shadow_level_long": 0.0,
        "body_level_small": 0.0,
        "body_level_large": 0.055358804494218816
    },
    "type": {
        "hammer": 0.0,
        "inverted_hammer": 0.0,
        "long_bar": 0.055358804494218816
    },
    "color": {
        "red": 1,
        "green": 0
    }
}