{
    "candle": {
        "time": "2023-06-15 21:20:00",
        "interval": "FIVE_MIN",
        "open": 1932.55005,
        "low": 1932.40002,
        "high": 1932.68005,
        "close": 1932.43005
    },
    "fuzzy_candle": {
        "lower_shadow_level_short": 0.7855229796814055,
        "lower_shadow_level_long": 0.0,
        "upper_shadow_level_short": 0.07152805056651368,
        "upper_shadow_level_long": 0.0,
        "body_level_small": 0.14294896975208093,
        "body_level_large": 0.0
    },
    "type": {
        "hammer": 0.0,
        "inverted_hammer": 0.0,
        "long_bar": 0.0
    },
    "color": {
        "red": 1,
        "green": 0
    }
}