{
    "hitmap": {
        "1921.52, 1921.7199999999998": {
            "hit": false,
            "above": 1.0,
            "below": 0.0
        },
        "1924.47001, 1924.6700099999998": {
            "hit": true,
            "above": 0.8888888888888888,
            "below": 0.1111111111111111
        }
    },
    "last_five_min": {
        "hammer": 0.00012498958412265893,
        "inverted_hammer": 0.0,
        "long_bar": 0.0
    },
    "current_five_min": {
        "hammer": 0.0,
        "inverted_hammer": 0.0,
        "long_bar": 0.0,
        "color": {
            "red": 1,
            "green": 0
        }
    },
    "current_bigger": 0.8807970779778823,
    "signal": {
        "buy": 0.0,
        "sell": 0.0
    }
}