{
    "hitmap": {
        "1921.52, 1921.7199999999998": {
            "hit": false,
            "above": 1.0,
            "below": 0.0
        },
        "1924.47001, 1924.6700099999998": {
            "hit": false,
            "above": 0.0,
            "below": 1.0
        },
        "1927.42002, 1927.6200199999998": {
            "hit": false,
            "above": 0.0,
            "below": 1.0
        },
        "1930.37003, 1930.5700299999999": {
            "hit": false,
            "above": 0.0,
            "below": 1.0
        },
        "1933.32004, 1933.5200399999999": {
            "hit": false,
            "above": 0.0,
            "below": 1.0
        }
    },
    "last_five_min": {
        "hammer": 0.0,
        "inverted_hammer": 0.0,
        "long_bar": 0.36246123525517615
    },
    "current_five_min": {
        "hammer": 0.0,
        "inverted_hammer": 0.0,
        "long_bar": 0.0,
        "color": {
            "red": 0,
            "green": 1
        }
    },
    "current_bigger": 3.0370757319079595e-05,
    "signal": {
        "buy": 0,
        "sell": 0
    }
}