{
    "candle": {
        "time": "2023-06-26 23:45:00",
        "interval": "FIVE_MIN",
        "open": 1925.03003,
        "low": 1923.03003,
        "high": 1925.05005,
        "close": 1923.91003
    },
    "fuzzy_candle": {
        "lower_shadow_level_short": 0.12872149780691278,
        "lower_shadow_level_long": 0.0,
        "upper_shadow_level_short": 0.9801784140749527,
        "upper_shadow_level_long": 0.0,
        "body_level_small": 0.0,
        "body_level_large": 0.10889991188186543
    },
    "type": {
        "hammer": 0.0,
        "inverted_hammer": 0.0,
        "long_bar": 0.10889991188186543
    },
    "color": {
        "red": 1,
        "green": 0
    }
}