{
    "candle": {
        "time": "2023-06-23 23:40:00",
        "interval": "FIVE_MIN",
        "open": 1932.96997,
        "low": 1932.88,
        "high": 1935.10999,
        "close": 1935.01001
    },
    "fuzzy_candle": {
        "lower_shadow_level_short": 0.9193090551975558,
        "lower_shadow_level_long": 0.0,
        "upper_shadow_level_short": 0.9103314364638695,
        "upper_shadow_level_long": 0.0,
        "body_level_small": 0.0,
        "body_level_large": 0.8296404916614253
    },
    "type": {
        "hammer": 0.0,
        "inverted_hammer": 0.0,
        "long_bar": 0.8296404916614253
    },
    "color": {
        "red": 0,
        "green": 1
    }
}