{
    "candle": {
        "time": "2023-06-23 23:45:00",
        "interval": "FIVE_MIN",
        "open": 1937.06006,
        "low": 1932.38,
        "high": 1937.06006,
        "close": 1933.23999
    },
    "fuzzy_candle": {
        "lower_shadow_level_short": 0.6324876176801403,
        "lower_shadow_level_long": 0.0,
        "upper_shadow_level_short": 1.0,
        "upper_shadow_level_long": 0.0,
        "body_level_small": 0.0,
        "body_level_large": 0.6324876176801404
    },
    "type": {
        "hammer": 0.0,
        "inverted_hammer": 0.0,
        "long_bar": 0.6324876176801404
    },
    "color": {
        "red": 1,
        "green": 0
    }
}