{
    "candle": {
        "time": "2023-06-23 23:00:00",
        "interval": "FIVE_MIN",
        "open": 1929.17004,
        "low": 1928.76001,
        "high": 1930.84998,
        "close": 1928.98999
    },
    "fuzzy_candle": {
        "lower_shadow_level_short": 0.7799202859370524,
        "lower_shadow_level_long": 0.0,
        "upper_shadow_level_short": 0.0,
        "upper_shadow_level_long": 0.6076211620262422,
        "body_level_small": 0.8277008760891899,
        "body_level_large": 0.0
    },
    "type": {
        "hammer": 0.0,
        "inverted_hammer": 0.6076211620262422,
        "long_bar": 0.0
    },
    "color": {
        "red": 1,
        "green": 0
    }
}