{
    "candle": {
        "time": "2023-06-26 22:35:00",
        "interval": "FIVE_MIN",
        "open": 1931.93994,
        "low": 1931.92004,
        "high": 1933.05005,
        "close": 1932.66003
    },
    "fuzzy_candle": {
        "lower_shadow_level_short": 0.9647790727515589,
        "lower_shadow_level_long": 0.0,
        "upper_shadow_level_short": 0.30970522384754007,
        "upper_shadow_level_long": 0.0,
        "body_level_small": 0.0,
        "body_level_large": 0.274484296599099
    },
    "type": {
        "hammer": 0.0,
        "inverted_hammer": 0.0,
        "long_bar": 0.274484296599099
    },
    "color": {
        "red": 0,
        "green": 1
    }
}