{
    "candle": {
        "time": "2023-06-12 19:15:00",
        "interval": "FIVE_MIN",
        "open": 1964.81006,
        "low": 1964.73999,
        "high": 1965.23999,
        "close": 1964.92004
    },
    "fuzzy_candle": {
        "lower_shadow_level_short": 0.7197200000000521,
        "lower_shadow_level_long": 0.0,
        "upper_shadow_level_short": 0.0,
        "upper_shadow_level_long": 0.2798000000002503,
        "body_level_small": 0.5600800000001982,
        "body_level_large": 0.0
    },
    "type": {
        "hammer": 0.0,
        "inverted_hammer": 0.2798000000002503,
        "long_bar": 0.0
    },
    "color": {
        "red": 0,
        "green": 1
    }
}