{
    "candle": {
        "time": "2023-06-12 19:20:00",
        "interval": "FIVE_MIN",
        "open": 1964.89001,
        "low": 1964.79004,
        "high": 1964.98999,
        "close": 1964.90002
    },
    "fuzzy_candle": {
        "lower_shadow_level_short": 5.001250299951909e-05,
        "lower_shadow_level_long": 0.0,
        "upper_shadow_level_short": 0.10007501875449931,
        "upper_shadow_level_long": 0.0,
        "body_level_small": 0.8998749687425012,
        "body_level_large": 0.0
    },
    "type": {
        "hammer": 0.0,
        "inverted_hammer": 0.0,
        "long_bar": 0.0
    },
    "color": {
        "red": 0,
        "green": 1
    }
}