{
    "candle": {
        "time": "2023-06-26 20:10:00",
        "interval": "FIVE_MIN",
        "open": 1931.38,
        "low": 1931.29004,
        "high": 1931.68994,
        "close": 1931.55005
    },
    "fuzzy_candle": {
        "lower_shadow_level_short": 0.5500875218802492,
        "lower_shadow_level_long": 0.0,
        "upper_shadow_level_short": 0.3003750937736336,
        "upper_shadow_level_long": 0.0,
        "body_level_small": 0.14953738434611719,
        "body_level_large": 0.0
    },
    "type": {
        "hammer": 0.0,
        "inverted_hammer": 0.0,
        "long_bar": 0.0
    },
    "color": {
        "red": 0,
        "green": 1
    }
}