{
    "candle": {
        "time": "2023-06-26 19:25:00",
        "interval": "FIVE_MIN",
        "open": 1931.65002,
        "low": 1931.44995,
        "high": 1931.98999,
        "close": 1931.73999
    },
    "fuzzy_candle": {
        "lower_shadow_level_short": 0.2590548848231139,
        "lower_shadow_level_long": 0.0,
        "upper_shadow_level_short": 0.0741426560997025,
        "upper_shadow_level_long": 0.0,
        "body_level_small": 0.6668024590771836,
        "body_level_large": 0.0
    },
    "type": {
        "hammer": 0.0,
        "inverted_hammer": 0.0,
        "long_bar": 0.0
    },
    "color": {
        "red": 0,
        "green": 1
    }
}