{
    "candle": {
        "time": "2023-06-26 21:40:00",
        "interval": "FIVE_MIN",
        "open": 1932.35999,
        "low": 1931.76001,
        "high": 1932.48999,
        "close": 1932.29004
    },
    "fuzzy_candle": {
        "lower_shadow_level_short": 0.0,
        "lower_shadow_level_long": 0.45217677196655925,
        "upper_shadow_level_short": 0.6438258582424261,
        "upper_shadow_level_long": 0.0,
        "body_level_small": 0.8083509137241333,
        "body_level_large": 0.0
    },
    "type": {
        "hammer": 0.45217677196655925,
        "inverted_hammer": 0.0,
        "long_bar": 0.0
    },
    "color": {
        "red": 1,
        "green": 0
    }
}