{
    "candle": {
        "time": "2023-06-26 21:45:00",
        "interval": "FIVE_MIN",
        "open": 1932.16003,
        "low": 1931.76001,
        "high": 1932.17004,
        "close": 1931.96997
    },
    "fuzzy_candle": {
        "lower_shadow_level_short": 0.0,
        "lower_shadow_level_long": 0.02412018632848456,
        "upper_shadow_level_short": 0.9511743043193644,
        "upper_shadow_level_long": 0.0,
        "body_level_small": 0.07294588200912011,
        "body_level_large": 0.0
    },
    "type": {
        "hammer": 0.02412018632848456,
        "inverted_hammer": 0.0,
        "long_bar": 0.0
    },
    "color": {
        "red": 1,
        "green": 0
    }
}