{
    "candle": {
        "time": "2023-06-14 20:45:00",
        "interval": "FIVE_MIN",
        "open": 1948.59998,
        "low": 1948.44995,
        "high": 1948.79004,
        "close": 1948.44995
    },
    "fuzzy_candle": {
        "lower_shadow_level_short": 1.0,
        "lower_shadow_level_long": 0.0,
        "upper_shadow_level_short": 0.0,
        "upper_shadow_level_long": 0.11770413714045724,
        "body_level_small": 0.11770413714045724,
        "body_level_large": 0.0
    },
    "type": {
        "hammer": 0.0,
        "inverted_hammer": 0.11770413714045724,
        "long_bar": 0.0
    },
    "color": {
        "red": 1,
        "green": 0
    }
}