{
    "candle": {
        "time": "2023-06-14 20:40:00",
        "interval": "FIVE_MIN",
        "open": 1949.04004,
        "low": 1948.46997,
        "high": 1949.18005,
        "close": 1948.60999
    },
    "fuzzy_candle": {
        "lower_shadow_level_short": 0.6056219017579574,
        "lower_shadow_level_long": 0.0,
        "upper_shadow_level_short": 0.6056500675983549,
        "upper_shadow_level_long": 0.0,
        "body_level_small": 0.0,
        "body_level_large": 0.21127196935631232
    },
    "type": {
        "hammer": 0.0,
        "inverted_hammer": 0.0,
        "long_bar": 0.21127196935631232
    },
    "color": {
        "red": 1,
        "green": 0
    }
}