{
    "candle": {
        "time": "2023-06-13 19:25:00",
        "interval": "FIVE_MIN",
        "open": 1963.46997,
        "low": 1963.33997,
        "high": 1963.51001,
        "close": 1963.33997
    },
    "fuzzy_candle": {
        "lower_shadow_level_short": 1.0,
        "lower_shadow_level_long": 0.0,
        "upper_shadow_level_short": 0.5290519877691217,
        "upper_shadow_level_long": 0.0,
        "body_level_small": 0.0,
        "body_level_large": 0.5290519877691215
    },
    "type": {
        "hammer": 0.0,
        "inverted_hammer": 0.0,
        "long_bar": 0.5290519877691215
    },
    "color": {
        "red": 1,
        "green": 0
    }
}