{
    "candle": {
        "time": "2023-06-27 00:05:00",
        "interval": "FIVE_MIN",
        "open": 1924.32996,
        "low": 1923.26001,
        "high": 1924.63,
        "close": 1924.38
    },
    "fuzzy_candle": {
        "lower_shadow_level_short": 0.0,
        "lower_shadow_level_long": 0.5619822042495939,
        "upper_shadow_level_short": 0.6350338323637781,
        "upper_shadow_level_long": 0.0,
        "body_level_small": 0.9269483718858157,
        "body_level_large": 0.0
    },
    "type": {
        "hammer": 0.5619822042495939,
        "inverted_hammer": 0.0,
        "long_bar": 0.0
    },
    "color": {
        "red": 0,
        "green": 1
    }
}