{
    "candle": {
        "time": "2023-06-27 00:10:00",
        "interval": "FIVE_MIN",
        "open": 1924.32996,
        "low": 1924.21997,
        "high": 1925.12,
        "close": 1924.79004
    },
    "fuzzy_candle": {
        "lower_shadow_level_short": 0.7555859249137227,
        "lower_shadow_level_long": 0.0,
        "upper_shadow_level_short": 0.26677999622261783,
        "upper_shadow_level_long": 0.0,
        "body_level_small": 0.0,
        "body_level_large": 0.022365921136340505
    },
    "type": {
        "hammer": 0.0,
        "inverted_hammer": 0.0,
        "long_bar": 0.022365921136340505
    },
    "color": {
        "red": 0,
        "green": 1
    }
}