{
    "candle": {
        "time": "2023-06-23 22:45:00",
        "interval": "FIVE_MIN",
        "open": 1923.10999,
        "low": 1923.10999,
        "high": 1927.05005,
        "close": 1926.73999
    },
    "fuzzy_candle": {
        "lower_shadow_level_short": 1.0,
        "lower_shadow_level_long": 0.0,
        "upper_shadow_level_short": 0.8426115338345046,
        "upper_shadow_level_long": 0.0,
        "body_level_small": 0.0,
        "body_level_large": 0.8426115338345046
    },
    "type": {
        "hammer": 0.0,
        "inverted_hammer": 0.0,
        "long_bar": 0.8426115338345046
    },
    "color": {
        "red": 0,
        "green": 1
    }
}