{
    "candle": {
        "time": "2023-06-23 22:40:00",
        "interval": "FIVE_MIN",
        "open": 1921.88,
        "low": 1920.78003,
        "high": 1923.07996,
        "close": 1922.98999
    },
    "fuzzy_candle": {
        "lower_shadow_level_short": 0.0434752362027111,
        "lower_shadow_level_long": 0.0,
        "upper_shadow_level_short": 0.9217628362602438,
        "upper_shadow_level_long": 0.0,
        "body_level_small": 0.03476192753704521,
        "body_level_large": 0.0
    },
    "type": {
        "hammer": 0.0,
        "inverted_hammer": 0.0,
        "long_bar": 0.0
    },
    "color": {
        "red": 0,
        "green": 1
    }
}