{
    "candle": {
        "time": "2023-06-23 22:25:00",
        "interval": "FIVE_MIN",
        "open": 1923.55005,
        "low": 1921.54004,
        "high": 1923.83997,
        "close": 1921.55005
    },
    "fuzzy_candle": {
        "lower_shadow_level_short": 0.9912953872509458,
        "lower_shadow_level_long": 0.0,
        "upper_shadow_level_short": 0.7478879791994102,
        "upper_shadow_level_long": 0.0,
        "body_level_small": 0.0,
        "body_level_large": 0.739183366450356
    },
    "type": {
        "hammer": 0.0,
        "inverted_hammer": 0.0,
        "long_bar": 0.739183366450356
    },
    "color": {
        "red": 1,
        "green": 0
    }
}