{
    "candle": {
        "time": "2023-06-23 22:30:00",
        "interval": "FIVE_MIN",
        "open": 1921.57996,
        "low": 1918.89001,
        "high": 1922.18005,
        "close": 1920.43005
    },
    "fuzzy_candle": {
        "lower_shadow_level_short": 0.06381685329058195,
        "lower_shadow_level_long": 0.0,
        "upper_shadow_level_short": 0.6352080825765436,
        "upper_shadow_level_long": 0.0,
        "body_level_small": 0.30097506413287445,
        "body_level_large": 0.0
    },
    "type": {
        "hammer": 0.0,
        "inverted_hammer": 0.0,
        "long_bar": 0.0
    },
    "color": {
        "red": 1,
        "green": 0
    }
}