{
    "candle": {
        "time": "2023-06-12 23:20:00",
        "interval": "FIVE_MIN",
        "open": 1959.08997,
        "low": 1957.56995,
        "high": 1959.35999,
        "close": 1958.32996
    },
    "fuzzy_candle": {
        "lower_shadow_level_short": 0.15084579115547814,
        "lower_shadow_level_long": 0.0,
        "upper_shadow_level_short": 0.6983084176890438,
        "upper_shadow_level_long": 0.0,
        "body_level_small": 0.15084579115547814,
        "body_level_large": 0.0
    },
    "type": {
        "hammer": 0.0,
        "inverted_hammer": 0.0,
        "long_bar": 0.0
    },
    "color": {
        "red": 1,
        "green": 0
    }
}