{
    "candle": {
        "time": "2023-06-12 21:55:00",
        "interval": "FIVE_MIN",
        "open": 1963.83997,
        "low": 1963.56006,
        "high": 1964.06995,
        "close": 1964.06006
    },
    "fuzzy_candle": {
        "lower_shadow_level_short": 0.0,
        "lower_shadow_level_long": 0.09792308144874351,
        "upper_shadow_level_short": 0.9612073192255567,
        "upper_shadow_level_long": 0.0,
        "body_level_small": 0.13671576222318682,
        "body_level_large": 0.0
    },
    "type": {
        "hammer": 0.09792308144874351,
        "inverted_hammer": 0.0,
        "long_bar": 0.0
    },
    "color": {
        "red": 0,
        "green": 1
    }
}