{
    "candle": {
        "time": "2023-06-12 22:00:00",
        "interval": "FIVE_MIN",
        "open": 1964.04004,
        "low": 1963.90002,
        "high": 1964.20996,
        "close": 1964.18005
    },
    "fuzzy_candle": {
        "lower_shadow_level_short": 0.09647028457050733,
        "lower_shadow_level_long": 0.0,
        "upper_shadow_level_short": 0.8069949022392389,
        "upper_shadow_level_long": 0.0,
        "body_level_small": 0.09653481319025392,
        "body_level_large": 0.0
    },
    "type": {
        "hammer": 0.0,
        "inverted_hammer": 0.0,
        "long_bar": 0.0
    },
    "color": {
        "red": 0,
        "green": 1
    }
}