{
    "candle": {
        "time": "2023-06-13 20:40:00",
        "interval": "FIVE_MIN",
        "open": 1964.82996,
        "low": 1964.54004,
        "high": 1964.93005,
        "close": 1964.64001
    },
    "fuzzy_candle": {
        "lower_shadow_level_short": 0.48734647829530575,
        "lower_shadow_level_long": 0.0,
        "upper_shadow_level_short": 0.48673110945899667,
        "upper_shadow_level_long": 0.0,
        "body_level_small": 0.02592241224569758,
        "body_level_large": 0.0
    },
    "type": {
        "hammer": 0.0,
        "inverted_hammer": 0.0,
        "long_bar": 0.0
    },
    "color": {
        "red": 1,
        "green": 0
    }
}