{
    "candle": {
        "time": "2023-06-26 23:55:00",
        "interval": "FIVE_MIN",
        "open": 1924.26001,
        "low": 1923.68994,
        "high": 1924.81995,
        "close": 1924.81995
    },
    "fuzzy_candle": {
        "lower_shadow_level_short": 0.0,
        "lower_shadow_level_long": 0.008964522437756584,
        "upper_shadow_level_short": 1.0,
        "upper_shadow_level_long": 0.0,
        "body_level_small": 0.008964522437756584,
        "body_level_large": 0.0
    },
    "type": {
        "hammer": 0.008964522437756584,
        "inverted_hammer": 0.0,
        "long_bar": 0.0
    },
    "color": {
        "red": 0,
        "green": 1
    }
}