{
    "candle": {
        "time": "2023-06-12 19:45:00",
        "interval": "FIVE_MIN",
        "open": 1965.12,
        "low": 1964.80005,
        "high": 1965.20996,
        "close": 1964.81006
    },
    "fuzzy_candle": {
        "lower_shadow_level_short": 0.9511600107342137,
        "lower_shadow_level_long": 0.0,
        "upper_shadow_level_short": 0.5610743821812052,
        "upper_shadow_level_long": 0.0,
        "body_level_small": 0.0,
        "body_level_large": 0.512234392915419
    },
    "type": {
        "hammer": 0.0,
        "inverted_hammer": 0.0,
        "long_bar": 0.512234392915419
    },
    "color": {
        "red": 1,
        "green": 0
    }
}