{
    "candle": {
        "time": "2023-06-23 23:05:00",
        "interval": "FIVE_MIN",
        "open": 1929.16003,
        "low": 1929.16003,
        "high": 1931.12,
        "close": 1930.10999
    },
    "fuzzy_candle": {
        "lower_shadow_level_short": 1.0,
        "lower_shadow_level_long": 0.0,
        "upper_shadow_level_short": 0.0,
        "upper_shadow_level_long": 0.03063822405447536,
        "body_level_small": 0.03063822405447536,
        "body_level_large": 0.0
    },
    "type": {
        "hammer": 0.0,
        "inverted_hammer": 0.03063822405447536,
        "long_bar": 0.0
    },
    "color": {
        "red": 0,
        "green": 1
    }
}