{
    "candle": {
        "time": "2023-06-17 06:50:00",
        "interval": "FIVE_MIN",
        "open": 1958.21997,
        "low": 1957.48999,
        "high": 1958.21997,
        "close": 1957.51001
    },
    "fuzzy_candle": {
        "lower_shadow_level_short": 0.9451491821695679,
        "lower_shadow_level_long": 0.0,
        "upper_shadow_level_short": 1.0,
        "upper_shadow_level_long": 0.0,
        "body_level_small": 0.0,
        "body_level_large": 0.9451491821695679
    },
    "type": {
        "hammer": 0.0,
        "inverted_hammer": 0.0,
        "long_bar": 0.9451491821695679
    },
    "color": {
        "red": 1,
        "green": 0
    }
}