{
    "candle": {
        "time": "2023-06-13 22:35:00",
        "interval": "FIVE_MIN",
        "open": 1967.73999,
        "low": 1962.39001,
        "high": 1968.90002,
        "close": 1963.26001
    },
    "fuzzy_candle": {
        "lower_shadow_level_short": 0.7327193045786734,
        "lower_shadow_level_long": 0.0,
        "upper_shadow_level_short": 0.6436165228624804,
        "upper_shadow_level_long": 0.0,
        "body_level_small": 0.0,
        "body_level_large": 0.3763358274411537
    },
    "type": {
        "hammer": 0.0,
        "inverted_hammer": 0.0,
        "long_bar": 0.3763358274411537
    },
    "color": {
        "red": 1,
        "green": 0
    }
}