{
    "hitmap": {
        "1949.23997, 1949.43997": {
            "hit": false,
            "above": 1.0,
            "below": 0.0
        },
        "1953.6699925, 1953.8699924999999": {
            "hit": false,
            "above": 1.0,
            "below": 0.0
        },
        "1958.100015, 1958.3000149999998": {
            "hit": false,
            "above": 1.0,
            "below": 0.0
        },
        "1962.5300375000002, 1962.7300375": {
            "hit": false,
            "above": 0.9111111111111111,
            "below": 0.08888888888888889
        },
        "1966.96006, 1967.16006": {
            "hit": false,
            "above": 0.0,
            "below": 1.0
        }
    },
    "last_five_min": {
        "hammer": 0.0,
        "inverted_hammer": 0.0,
        "long_bar": 0.6663580475515494
    },
    "current_five_min": {
        "hammer": 0.0,
        "inverted_hammer": 0.0,
        "long_bar": 0.5290519877691215,
        "color": {
            "red": 1,
            "green": 0
        }
    },
    "current_bigger": 5.555586021850913e-06,
    "signal": {
        "buy": 0,
        "sell": 0
    }
}