{
    "candle": {
        "time": "2023-06-26 23:30:00",
        "interval": "FIVE_MIN",
        "open": 1928.16003,
        "low": 1927.03003,
        "high": 1928.41003,
        "close": 1927.48999
    },
    "fuzzy_candle": {
        "lower_shadow_level_short": 0.3333913043476797,
        "lower_shadow_level_long": 0.0,
        "upper_shadow_level_short": 0.6376811594203186,
        "upper_shadow_level_long": 0.0,
        "body_level_small": 0.028927536232001727,
        "body_level_large": 0.0
    },
    "type": {
        "hammer": 0.0,
        "inverted_hammer": 0.0,
        "long_bar": 0.0
    },
    "color": {
        "red": 1,
        "green": 0
    }
}