{
    "candle": {
        "time": "2023-06-27 00:15:00",
        "interval": "FIVE_MIN",
        "open": 1923.66003,
        "low": 1922.70996,
        "high": 1923.66003,
        "close": 1923.16003
    },
    "fuzzy_candle": {
        "lower_shadow_level_short": 0.05255402233508988,
        "lower_shadow_level_long": 0.0,
        "upper_shadow_level_short": 1.0,
        "upper_shadow_level_long": 0.0,
        "body_level_small": 0.0,
        "body_level_large": 0.05255402233508977
    },
    "type": {
        "hammer": 0.0,
        "inverted_hammer": 0.0,
        "long_bar": 0.05255402233508977
    },
    "color": {
        "red": 1,
        "green": 0
    }
}