{
    "candle": {
        "time": "2023-06-12 22:20:00",
        "interval": "FIVE_MIN",
        "open": 1964.88,
        "low": 1964.23999,
        "high": 1965.18994,
        "close": 1964.53003
    },
    "fuzzy_candle": {
        "lower_shadow_level_short": 0.3893573345968111,
        "lower_shadow_level_long": 0.0,
        "upper_shadow_level_short": 0.3474603926524813,
        "upper_shadow_level_long": 0.0,
        "body_level_small": 0.2631822727507076,
        "body_level_large": 0.0
    },
    "type": {
        "hammer": 0.0,
        "inverted_hammer": 0.0,
        "long_bar": 0.0
    },
    "color": {
        "red": 1,
        "green": 0
    }
}