{
    "candle": {
        "time": "2023-06-15 22:40:00",
        "interval": "FIVE_MIN",
        "open": 1928.90002,
        "low": 1928.79004,
        "high": 1931.23999,
        "close": 1930.98999
    },
    "fuzzy_candle": {
        "lower_shadow_level_short": 0.9102185758893423,
        "lower_shadow_level_long": 0.0,
        "upper_shadow_level_short": 0.7959142023306552,
        "upper_shadow_level_long": 0.0,
        "body_level_small": 0.0,
        "body_level_large": 0.7061327782199975
    },
    "type": {
        "hammer": 0.0,
        "inverted_hammer": 0.0,
        "long_bar": 0.7061327782199975
    },
    "color": {
        "red": 0,
        "green": 1
    }
}