{
    "candle": {
        "time": "2023-06-27 20:45:00",
        "interval": "FIVE_MIN",
        "open": 1923.81995,
        "low": 1923.73999,
        "high": 1924.43005,
        "close": 1924.29004
    },
    "fuzzy_candle": {
        "lower_shadow_level_short": 0.7682520360547215,
        "lower_shadow_level_long": 0.0,
        "upper_shadow_level_short": 0.5942091992004548,
        "upper_shadow_level_long": 0.0,
        "body_level_small": 0.0,
        "body_level_large": 0.36246123525517615
    },
    "type": {
        "hammer": 0.0,
        "inverted_hammer": 0.0,
        "long_bar": 0.36246123525517615
    },
    "color": {
        "red": 0,
        "green": 1
    }
}