{
    "candle": {
        "time": "2023-06-14 00:15:00",
        "interval": "FIVE_MIN",
        "open": 1951.95996,
        "low": 1951.66003,
        "high": 1953.38,
        "close": 1952.81995
    },
    "fuzzy_candle": {
        "lower_shadow_level_short": 0.6512381029903012,
        "lower_shadow_level_long": 0.0,
        "upper_shadow_level_short": 0.3487677110647127,
        "upper_shadow_level_long": 0.0,
        "body_level_small": 0.0,
        "body_level_large": 5.814055013875219e-06
    },
    "type": {
        "hammer": 0.0,
        "inverted_hammer": 0.0,
        "long_bar": 5.814055013875219e-06
    },
    "color": {
        "red": 0,
        "green": 1
    }
}