{
    "candle": {
        "time": "2023-06-13 00:35:00",
        "interval": "FIVE_MIN",
        "open": 1950.26001,
        "low": 1949.51001,
        "high": 1950.64001,
        "close": 1950.38
    },
    "fuzzy_candle": {
        "lower_shadow_level_short": 0.0,
        "lower_shadow_level_long": 0.3274336283184558,
        "upper_shadow_level_short": 0.5398053097346185,
        "upper_shadow_level_long": 0.0,
        "body_level_small": 0.7876283185838374,
        "body_level_large": 0.0
    },
    "type": {
        "hammer": 0.3274336283184558,
        "inverted_hammer": 0.0,
        "long_bar": 0.0
    },
    "color": {
        "red": 0,
        "green": 1
    }
}