{
    "candle": {
        "time": "2023-06-13 00:40:00",
        "interval": "FIVE_MIN",
        "open": 1950.51001,
        "low": 1949.89001,
        "high": 1951.62,
        "close": 1951.53003
    },
    "fuzzy_candle": {
        "lower_shadow_level_short": 0.2832328510569925,
        "lower_shadow_level_long": 0.0,
        "upper_shadow_level_short": 0.8959878380799849,
        "upper_shadow_level_long": 0.0,
        "body_level_small": 0.0,
        "body_level_large": 0.17922068913697742
    },
    "type": {
        "hammer": 0.0,
        "inverted_hammer": 0.0,
        "long_bar": 0.17922068913697742
    },
    "color": {
        "red": 0,
        "green": 1
    }
}