{
    "candle": {
        "time": "2023-06-12 20:50:00",
        "interval": "FIVE_MIN",
        "open": 1965.40002,
        "low": 1965.34998,
        "high": 1965.88,
        "close": 1965.67004
    },
    "fuzzy_candle": {
        "lower_shadow_level_short": 0.8111769367191171,
        "lower_shadow_level_long": 0.0,
        "upper_shadow_level_short": 0.20772801026346888,
        "upper_shadow_level_long": 0.0,
        "body_level_small": 0.0,
        "body_level_large": 0.018904946982585935
    },
    "type": {
        "hammer": 0.0,
        "inverted_hammer": 0.0,
        "long_bar": 0.018904946982585935
    },
    "color": {
        "red": 0,
        "green": 1
    }
}