{
    "candle": {
        "time": "2023-06-12 21:25:00",
        "interval": "FIVE_MIN",
        "open": 1961.98999,
        "low": 1961.82996,
        "high": 1962.94995,
        "close": 1962.93005
    },
    "fuzzy_candle": {
        "lower_shadow_level_short": 0.7142295913356046,
        "lower_shadow_level_long": 0.0,
        "upper_shadow_level_short": 0.9644639684282745,
        "upper_shadow_level_long": 0.0,
        "body_level_small": 0.0,
        "body_level_large": 0.6786935597638792
    },
    "type": {
        "hammer": 0.0,
        "inverted_hammer": 0.0,
        "long_bar": 0.6786935597638792
    },
    "color": {
        "red": 0,
        "green": 1
    }
}