{
    "candle": {
        "time": "2023-06-14 00:25:00",
        "interval": "FIVE_MIN",
        "open": 1954.76001,
        "low": 1953.01001,
        "high": 1955.81006,
        "close": 1953.21997
    },
    "fuzzy_candle": {
        "lower_shadow_level_short": 0.8500312494418791,
        "lower_shadow_level_long": 0.0,
        "upper_shadow_level_short": 0.24997767896999357,
        "upper_shadow_level_long": 0.0,
        "body_level_small": 0.0,
        "body_level_large": 0.10000892841187259
    },
    "type": {
        "hammer": 0.0,
        "inverted_hammer": 0.0,
        "long_bar": 0.10000892841187259
    },
    "color": {
        "red": 1,
        "green": 0
    }
}