{
    "candle": {
        "time": "2023-06-14 00:30:00",
        "interval": "FIVE_MIN",
        "open": 1953.12,
        "low": 1952.38,
        "high": 1953.18005,
        "close": 1952.90002
    },
    "fuzzy_candle": {
        "lower_shadow_level_short": 0.0,
        "lower_shadow_level_long": 0.29996875195311024,
        "upper_shadow_level_short": 0.8498843822259623,
        "upper_shadow_level_long": 0.0,
        "body_level_small": 0.45008436972714805,
        "body_level_large": 0.0
    },
    "type": {
        "hammer": 0.29996875195311024,
        "inverted_hammer": 0.0,
        "long_bar": 0.0
    },
    "color": {
        "red": 1,
        "green": 0
    }
}