{
    "candle": {
        "time": "2023-06-15 21:30:00",
        "interval": "FIVE_MIN",
        "open": 1931.46997,
        "low": 1929.85999,
        "high": 1931.46997,
        "close": 1930.07996
    },
    "fuzzy_candle": {
        "lower_shadow_level_short": 0.7267419471048352,
        "lower_shadow_level_long": 0.0,
        "upper_shadow_level_short": 1.0,
        "upper_shadow_level_long": 0.0,
        "body_level_small": 0.0,
        "body_level_large": 0.7267419471048351
    },
    "type": {
        "hammer": 0.0,
        "inverted_hammer": 0.0,
        "long_bar": 0.7267419471048351
    },
    "color": {
        "red": 1,
        "green": 0
    }
}