{
    "candle": {
        "time": "2023-06-12 21:20:00",
        "interval": "FIVE_MIN",
        "open": 1963.64001,
        "low": 1962.93005,
        "high": 1963.64001,
        "close": 1963.04004
    },
    "fuzzy_candle": {
        "lower_shadow_level_short": 0.6901515578338744,
        "lower_shadow_level_long": 0.0,
        "upper_shadow_level_short": 1.0,
        "upper_shadow_level_long": 0.0,
        "body_level_small": 0.0,
        "body_level_large": 0.6901515578338744
    },
    "type": {
        "hammer": 0.0,
        "inverted_hammer": 0.0,
        "long_bar": 0.6901515578338744
    },
    "color": {
        "red": 1,
        "green": 0
    }
}