{
    "candle": {
        "time": "2023-06-26 19:25:00",
        "interval": "FIVE_MIN",
        "open": 1931.65002,
        "low": 1931.62,
        "high": 1931.96997,
        "close": 1931.69995
    },
    "fuzzy_candle": {
        "lower_shadow_level_short": 0.8284424379224997,
        "lower_shadow_level_long": 0.0,
        "upper_shadow_level_short": 0.0,
        "upper_shadow_level_long": 0.543103694602366,
        "body_level_small": 0.7146612566798662,
        "body_level_large": 0.0
    },
    "type": {
        "hammer": 0.0,
        "inverted_hammer": 0.543103694602366,
        "long_bar": 0.0
    },
    "color": {
        "red": 0,
        "green": 1
    }
}