{
    "candle": {
        "time": "2023-06-26 19:20:00",
        "interval": "FIVE_MIN",
        "open": 1932.39001,
        "low": 1931.68005,
        "high": 1932.41003,
        "close": 1931.76001
    },
    "fuzzy_candle": {
        "lower_shadow_level_short": 0.7809255048082943,
        "lower_shadow_level_long": 0.0,
        "upper_shadow_level_short": 0.9451491821695679,
        "upper_shadow_level_long": 0.0,
        "body_level_small": 0.0,
        "body_level_large": 0.726074686977862
    },
    "type": {
        "hammer": 0.0,
        "inverted_hammer": 0.0,
        "long_bar": 0.726074686977862
    },
    "color": {
        "red": 1,
        "green": 0
    }
}