{
    "candle": {
        "time": "2023-06-13 00:15:00",
        "interval": "FIVE_MIN",
        "open": 1952.76001,
        "low": 1950.88,
        "high": 1952.88,
        "close": 1951.29004
    },
    "fuzzy_candle": {
        "lower_shadow_level_short": 0.5899600000000191,
        "lower_shadow_level_long": 0.0,
        "upper_shadow_level_short": 0.8800099999998565,
        "upper_shadow_level_long": 0.0,
        "body_level_small": 0.0,
        "body_level_large": 0.46996999999987565
    },
    "type": {
        "hammer": 0.0,
        "inverted_hammer": 0.0,
        "long_bar": 0.46996999999987565
    },
    "color": {
        "red": 1,
        "green": 0
    }
}