{
    "candle": {
        "time": "2023-06-13 00:20:00",
        "interval": "FIVE_MIN",
        "open": 1951.15002,
        "low": 1950.58997,
        "high": 1952.28003,
        "close": 1952.21997
    },
    "fuzzy_candle": {
        "lower_shadow_level_short": 0.3372424647644715,
        "lower_shadow_level_long": 0.0,
        "upper_shadow_level_short": 0.9289256002747862,
        "upper_shadow_level_long": 0.0,
        "body_level_small": 0.0,
        "body_level_large": 0.2661680650392577
    },
    "type": {
        "hammer": 0.0,
        "inverted_hammer": 0.0,
        "long_bar": 0.2661680650392577
    },
    "color": {
        "red": 0,
        "green": 1
    }
}