{
    "candle": {
        "time": "2023-06-15 21:25:00",
        "interval": "FIVE_MIN",
        "open": 1932.04004,
        "low": 1931.28003,
        "high": 1932.04004,
        "close": 1931.44995
    },
    "fuzzy_candle": {
        "lower_shadow_level_short": 0.5528479888422411,
        "lower_shadow_level_long": 0.0,
        "upper_shadow_level_short": 1.0,
        "upper_shadow_level_long": 0.0,
        "body_level_small": 0.0,
        "body_level_large": 0.5528479888422411
    },
    "type": {
        "hammer": 0.0,
        "inverted_hammer": 0.0,
        "long_bar": 0.5528479888422411
    },
    "color": {
        "red": 1,
        "green": 0
    }
}