{
    "hitmap": {
        "1949.23997, 1949.43997": {
            "hit": false,
            "above": 1.0,
            "below": 0.0
        },
        "1953.6699925, 1953.8699924999999": {
            "hit": true,
            "above": 0.7777777777777778,
            "below": 0.2222222222222222
        }
    },
    "last_five_min": {
        "hammer": 0.0,
        "inverted_hammer": 0.0,
        "long_bar": 0.5493166698746945
    },
    "current_five_min": {
        "hammer": 7.692603571407552e-05,
        "inverted_hammer": 0.0,
        "long_bar": 0.0,
        "color": {
            "red": 0,
            "green": 1
        }
    },
    "current_bigger": 0.00025608916692735414,
    "signal": {
        "buy": 0.0,
        "sell": 0.0
    }
}