{
    "candle": {
        "time": "2023-06-13 23:55:00",
        "interval": "FIVE_MIN",
        "open": 1955.15002,
        "low": 1955.15002,
        "high": 1956.55005,
        "close": 1956.44995
    },
    "fuzzy_candle": {
        "lower_shadow_level_short": 1.0,
        "lower_shadow_level_long": 0.0,
        "upper_shadow_level_short": 0.8570030642198949,
        "upper_shadow_level_long": 0.0,
        "body_level_small": 0.0,
        "body_level_large": 0.8570030642198949
    },
    "type": {
        "hammer": 0.0,
        "inverted_hammer": 0.0,
        "long_bar": 0.8570030642198949
    },
    "color": {
        "red": 0,
        "green": 1
    }
}