{
    "candle": {
        "time": "2023-06-13 23:50:00",
        "interval": "FIVE_MIN",
        "open": 1954.42004,
        "low": 1953.76001,
        "high": 1955.60999,
        "close": 1955.41003
    },
    "fuzzy_candle": {
        "lower_shadow_level_short": 0.2864463399604098,
        "lower_shadow_level_long": 0.0,
        "upper_shadow_level_short": 0.7838246899967314,
        "upper_shadow_level_long": 0.0,
        "body_level_small": 0.0,
        "body_level_large": 0.07027102995714118
    },
    "type": {
        "hammer": 0.0,
        "inverted_hammer": 0.0,
        "long_bar": 0.07027102995714118
    },
    "color": {
        "red": 0,
        "green": 1
    }
}