{
    "hitmap": {
        "1956.58005, 1956.7800499999998": {
            "hit": false,
            "above": 0.4888888888888889,
            "below": 0.5111111111111111
        },
        "1960.6850325, 1960.8850324999999": {
            "hit": false,
            "above": 0.1111111111111111,
            "below": 0.8888888888888888
        },
        "1964.790015, 1964.9900149999999": {
            "hit": false,
            "above": 0.0,
            "below": 1.0
        },
        "1968.8949975, 1969.0949974999999": {
            "hit": false,
            "above": 0.0,
            "below": 1.0
        },
        "1972.99998, 1973.1999799999999": {
            "hit": false,
            "above": 0.0,
            "below": 1.0
        }
    },
    "last_five_min": {
        "hammer": 0.0,
        "inverted_hammer": 0.0,
        "long_bar": 0.9302891704513943
    },
    "current_five_min": {
        "hammer": 0.0,
        "inverted_hammer": 0.0,
        "long_bar": 0.8352166536202459,
        "color": {
            "red": 0,
            "green": 1
        }
    },
    "current_bigger": 0.014968404340381075,
    "signal": {
        "buy": 0,
        "sell": 0
    }
}