{
    "candle": {
        "time": "2023-06-27 00:35:00",
        "interval": "FIVE_MIN",
        "open": 1924.03003,
        "low": 1924.03003,
        "high": 1925.16003,
        "close": 1924.96997
    },
    "fuzzy_candle": {
        "lower_shadow_level_short": 1.0,
        "lower_shadow_level_long": 0.0,
        "upper_shadow_level_short": 0.6636106194692306,
        "upper_shadow_level_long": 0.0,
        "body_level_small": 0.0,
        "body_level_large": 0.6636106194692306
    },
    "type": {
        "hammer": 0.0,
        "inverted_hammer": 0.0,
        "long_bar": 0.6636106194692306
    },
    "color": {
        "red": 0,
        "green": 1
    }
}