{
    "candle": {
        "time": "2023-06-27 00:30:00",
        "interval": "FIVE_MIN",
        "open": 1923.92004,
        "low": 1923.18005,
        "high": 1924.39001,
        "close": 1924.03003
    },
    "fuzzy_candle": {
        "lower_shadow_level_short": 0.0,
        "lower_shadow_level_long": 0.22316440212891386,
        "upper_shadow_level_short": 0.40497206519201134,
        "upper_shadow_level_long": 0.0,
        "body_level_small": 0.8181923369369025,
        "body_level_large": 0.0
    },
    "type": {
        "hammer": 0.22316440212891386,
        "inverted_hammer": 0.0,
        "long_bar": 0.0
    },
    "color": {
        "red": 0,
        "green": 1
    }
}