{
    "candle": {
        "time": "2023-06-12 20:10:00",
        "interval": "FIVE_MIN",
        "open": 1965.04004,
        "low": 1964.83997,
        "high": 1966.06995,
        "close": 1966.01001
    },
    "fuzzy_candle": {
        "lower_shadow_level_short": 0.6746776370346105,
        "lower_shadow_level_long": 0.0,
        "upper_shadow_level_short": 0.9025350005689629,
        "upper_shadow_level_long": 0.0,
        "body_level_small": 0.0,
        "body_level_large": 0.5772126376035731
    },
    "type": {
        "hammer": 0.0,
        "inverted_hammer": 0.0,
        "long_bar": 0.5772126376035731
    },
    "color": {
        "red": 0,
        "green": 1
    }
}