{
    "candle": {
        "time": "2023-06-23 21:05:00",
        "interval": "FIVE_MIN",
        "open": 1918.51001,
        "low": 1918.31006,
        "high": 1919.30005,
        "close": 1919.03003
    },
    "fuzzy_candle": {
        "lower_shadow_level_short": 0.5960565258236197,
        "lower_shadow_level_long": 0.0,
        "upper_shadow_level_short": 0.45449954039909635,
        "upper_shadow_level_long": 0.0,
        "body_level_small": 0.0,
        "body_level_large": 0.05055606622271602
    },
    "type": {
        "hammer": 0.0,
        "inverted_hammer": 0.0,
        "long_bar": 0.05055606622271602
    },
    "color": {
        "red": 0,
        "green": 1
    }
}