{
    "candle": {
        "time": "2023-06-23 21:10:00",
        "interval": "FIVE_MIN",
        "open": 1919.03003,
        "low": 1918.88,
        "high": 1919.41003,
        "close": 1919.05005
    },
    "fuzzy_candle": {
        "lower_shadow_level_short": 0.4338811010704413,
        "lower_shadow_level_long": 0.0,
        "upper_shadow_level_short": 0.0,
        "upper_shadow_level_long": 0.3583382072713637,
        "body_level_small": 0.9244571062009224,
        "body_level_large": 0.0
    },
    "type": {
        "hammer": 0.0,
        "inverted_hammer": 0.3583382072713637,
        "long_bar": 0.0
    },
    "color": {
        "red": 0,
        "green": 1
    }
}