{
    "candle": {
        "time": "2023-06-15 20:10:00",
        "interval": "FIVE_MIN",
        "open": 1935.55005,
        "low": 1935.07996,
        "high": 1935.65002,
        "close": 1935.26001
    },
    "fuzzy_candle": {
        "lower_shadow_level_short": 0.3683121074976895,
        "lower_shadow_level_long": 0.0,
        "upper_shadow_level_short": 0.6492649896502731,
        "upper_shadow_level_long": 0.0,
        "body_level_small": 0.0,
        "body_level_large": 0.017577097147962517
    },
    "type": {
        "hammer": 0.0,
        "inverted_hammer": 0.0,
        "long_bar": 0.017577097147962517
    },
    "color": {
        "red": 1,
        "green": 0
    }
}