{
    "candle": {
        "time": "2023-06-14 21:35:00",
        "interval": "FIVE_MIN",
        "open": 1946.70996,
        "low": 1946.31995,
        "high": 1946.70996,
        "close": 1946.69995
    },
    "fuzzy_candle": {
        "lower_shadow_level_short": 0.0,
        "lower_shadow_level_long": 0.9486679828723901,
        "upper_shadow_level_short": 1.0,
        "upper_shadow_level_long": 0.0,
        "body_level_small": 0.9486679828723901,
        "body_level_large": 0.0
    },
    "type": {
        "hammer": 0.9486679828723901,
        "inverted_hammer": 0.0,
        "long_bar": 0.0
    },
    "color": {
        "red": 1,
        "green": 0
    }
}