{
    "candle": {
        "time": "2023-06-14 21:30:00",
        "interval": "FIVE_MIN",
        "open": 1946.18005,
        "low": 1945.91003,
        "high": 1946.79004,
        "close": 1946.79004
    },
    "fuzzy_candle": {
        "lower_shadow_level_short": 0.38632515539617596,
        "lower_shadow_level_long": 0.0,
        "upper_shadow_level_short": 1.0,
        "upper_shadow_level_long": 0.0,
        "body_level_small": 0.0,
        "body_level_large": 0.38632515539617596
    },
    "type": {
        "hammer": 0.0,
        "inverted_hammer": 0.0,
        "long_bar": 0.38632515539617596
    },
    "color": {
        "red": 0,
        "green": 1
    }
}