{
    "candle": {
        "time": "2023-06-27 19:45:00",
        "interval": "FIVE_MIN",
        "open": 1924.48999,
        "low": 1924.18994,
        "high": 1924.80005,
        "close": 1924.62
    },
    "fuzzy_candle": {
        "lower_shadow_level_short": 0.01640687744827063,
        "lower_shadow_level_long": 0.0,
        "upper_shadow_level_short": 0.4097785645206862,
        "upper_shadow_level_long": 0.0,
        "body_level_small": 0.5738145580310432,
        "body_level_large": 0.0
    },
    "type": {
        "hammer": 0.0,
        "inverted_hammer": 0.0,
        "long_bar": 0.0
    },
    "color": {
        "red": 0,
        "green": 1
    }
}