{
    "candle": {
        "time": "2023-06-13 21:00:00",
        "interval": "FIVE_MIN",
        "open": 1965.82996,
        "low": 1965.69995,
        "high": 1965.93005,
        "close": 1965.71997
    },
    "fuzzy_candle": {
        "lower_shadow_level_short": 0.8259887005635873,
        "lower_shadow_level_long": 0.0,
        "upper_shadow_level_short": 0.13003042155660838,
        "upper_shadow_level_long": 0.0,
        "body_level_small": 0.043980877879804425,
        "body_level_large": 0.0
    },
    "type": {
        "hammer": 0.0,
        "inverted_hammer": 0.0,
        "long_bar": 0.0
    },
    "color": {
        "red": 1,
        "green": 0
    }
}