{
    "hitmap": {
        "1921.52, 1921.7199999999998": {
            "hit": false,
            "above": 1.0,
            "below": 0.0
        },
        "1924.47001, 1924.6700099999998": {
            "hit": true,
            "above": 0.7777777777777778,
            "below": 0.2222222222222222
        }
    },
    "last_five_min": {
        "hammer": 0.2594992963484364,
        "inverted_hammer": 0.0,
        "long_bar": 0.0
    },
    "current_five_min": {
        "hammer": 0.4290087552810742,
        "inverted_hammer": 0.0,
        "long_bar": 0.0,
        "color": {
            "red": 1,
            "green": 0
        }
    },
    "current_bigger": 0.00022372699304329217,
    "signal": {
        "buy": 0.0,
        "sell": 0.0
    }
}