{
    "hitmap": {
        "1912.3899900000001, 1912.58999": {
            "hit": false,
            "above": 1.0,
            "below": 0.0
        },
        "1918.030005, 1918.230005": {
            "hit": true,
            "above": 0.1111111111111111,
            "below": 0.8888888888888888
        }
    },
    "last_five_min": {
        "hammer": 0.0,
        "inverted_hammer": 0.0,
        "long_bar": 0.0
    },
    "current_five_min": {
        "hammer": 0.0,
        "inverted_hammer": 0.0,
        "long_bar": 0.1699337773337617,
        "color": {
            "red": 1,
            "green": 0
        }
    },
    "current_bigger": 0.4464335795964721,
    "signal": {
        "buy": 0.0,
        "sell": 0.0
    }
}