{
    "hitmap": {
        "1949.23997, 1949.43997": {
            "hit": false,
            "above": 1.0,
            "below": 0.0
        },
        "1953.6699925, 1953.8699924999999": {
            "hit": false,
            "above": 0.37777777777777777,
            "below": 0.6222222222222222
        },
        "1958.100015, 1958.3000149999998": {
            "hit": false,
            "above": 0.044444444444444446,
            "below": 0.9555555555555556
        },
        "1962.5300375000002, 1962.7300375": {
            "hit": false,
            "above": 0.0,
            "below": 1.0
        },
        "1966.96006, 1967.16006": {
            "hit": false,
            "above": 0.0,
            "below": 1.0
        }
    },
    "last_five_min": {
        "hammer": 0.0,
        "inverted_hammer": 0.0,
        "long_bar": 0.0
    },
    "current_five_min": {
        "hammer": 0.0,
        "inverted_hammer": 0.0,
        "long_bar": 0.0,
        "color": {
            "red": 0,
            "green": 1
        }
    },
    "current_bigger": 3.554150966044643e-05,
    "signal": {
        "buy": 0,
        "sell": 0
    }
}