{
    "candle": {
        "time": "2023-06-23 21:05:00",
        "interval": "FIVE_MIN",
        "open": 1918.51001,
        "low": 1918.31006,
        "high": 1919.19995,
        "close": 1919.01001
    },
    "fuzzy_candle": {
        "lower_shadow_level_short": 0.5506186157840596,
        "lower_shadow_level_long": 0.0,
        "upper_shadow_level_short": 0.573115778354639,
        "upper_shadow_level_long": 0.0,
        "body_level_small": 0.0,
        "body_level_large": 0.12373439413869858
    },
    "type": {
        "hammer": 0.0,
        "inverted_hammer": 0.0,
        "long_bar": 0.12373439413869858
    },
    "color": {
        "red": 0,
        "green": 1
    }
}