{
    "candle": {
        "time": "2023-06-23 20:55:00",
        "interval": "FIVE_MIN",
        "open": 1917.62,
        "low": 1917.15002,
        "high": 1917.80005,
        "close": 1917.69995
    },
    "fuzzy_candle": {
        "lower_shadow_level_short": 0.0,
        "lower_shadow_level_long": 0.4460255680502112,
        "upper_shadow_level_short": 0.6920142147282157,
        "upper_shadow_level_long": 0.0,
        "body_level_small": 0.7540113533219956,
        "body_level_large": 0.0
    },
    "type": {
        "hammer": 0.4460255680502112,
        "inverted_hammer": 0.0,
        "long_bar": 0.0
    },
    "color": {
        "red": 0,
        "green": 1
    }
}