{
    "candle": {
        "time": "2023-06-26 20:25:00",
        "interval": "FIVE_MIN",
        "open": 1931.45996,
        "low": 1931.13,
        "high": 1931.51001,
        "close": 1931.40002
    },
    "fuzzy_candle": {
        "lower_shadow_level_short": 0.0,
        "lower_shadow_level_long": 0.42112049682920594,
        "upper_shadow_level_short": 0.7365858793185729,
        "upper_shadow_level_long": 0.0,
        "body_level_small": 0.684534617510633,
        "body_level_large": 0.0
    },
    "type": {
        "hammer": 0.42112049682920594,
        "inverted_hammer": 0.0,
        "long_bar": 0.0
    },
    "color": {
        "red": 1,
        "green": 0
    }
}