{
    "candle": {
        "time": "2023-06-26 20:20:00",
        "interval": "FIVE_MIN",
        "open": 1931.39001,
        "low": 1931.19995,
        "high": 1931.54004,
        "close": 1931.40002
    },
    "fuzzy_candle": {
        "lower_shadow_level_short": 0.0,
        "lower_shadow_level_long": 0.11770413714045724,
        "upper_shadow_level_short": 0.17657090770096395,
        "upper_shadow_level_long": 0.0,
        "body_level_small": 0.9411332294394933,
        "body_level_large": 0.0
    },
    "type": {
        "hammer": 0.11770413714045724,
        "inverted_hammer": 0.0,
        "long_bar": 0.0
    },
    "color": {
        "red": 0,
        "green": 1
    }
}