{
    "candle": {
        "time": "2023-06-26 19:45:00",
        "interval": "FIVE_MIN",
        "open": 1930.15002,
        "low": 1930.04004,
        "high": 1930.35999,
        "close": 1930.18005
    },
    "fuzzy_candle": {
        "lower_shadow_level_short": 0.3125175808719669,
        "lower_shadow_level_long": 0.0,
        "upper_shadow_level_short": 0.0,
        "upper_shadow_level_long": 0.12480075011770886,
        "body_level_small": 0.812283169245742,
        "body_level_large": 0.0
    },
    "type": {
        "hammer": 0.0,
        "inverted_hammer": 0.12480075011770886,
        "long_bar": 0.0
    },
    "color": {
        "red": 0,
        "green": 1
    }
}