{
    "candle": {
        "time": "2023-06-12 23:05:00",
        "interval": "FIVE_MIN",
        "open": 1962.23999,
        "low": 1960.93005,
        "high": 1962.78003,
        "close": 1961.28003
    },
    "fuzzy_candle": {
        "lower_shadow_level_short": 0.621639152855742,
        "lower_shadow_level_long": 0.0,
        "upper_shadow_level_short": 0.4161666612613386,
        "upper_shadow_level_long": 0.0,
        "body_level_small": 0.0,
        "body_level_large": 0.037805814117080505
    },
    "type": {
        "hammer": 0.0,
        "inverted_hammer": 0.0,
        "long_bar": 0.037805814117080505
    },
    "color": {
        "red": 1,
        "green": 0
    }
}