{
    "candle": {
        "time": "2023-06-12 23:10:00",
        "interval": "FIVE_MIN",
        "open": 1961.14001,
        "low": 1960.95996,
        "high": 1961.98999,
        "close": 1961.29004
    },
    "fuzzy_candle": {
        "lower_shadow_level_short": 0.650398532081312,
        "lower_shadow_level_long": 0.0,
        "upper_shadow_level_short": 0.0,
        "upper_shadow_level_long": 0.35908662854452755,
        "body_level_small": 0.7086880964632155,
        "body_level_large": 0.0
    },
    "type": {
        "hammer": 0.0,
        "inverted_hammer": 0.35908662854452755,
        "long_bar": 0.0
    },
    "color": {
        "red": 0,
        "green": 1
    }
}