{
    "factors": {
        "day_map": {
            "buy": 0.0,
            "sell": 0.6324876176801404
        }
    },
    "signal": {
        "buy": 0.0,
        "sell": 0.6324876176801404
    }
}