{
    "candle": {
        "time": "2023-06-23 20:25:00",
        "interval": "FIVE_MIN",
        "open": 1917.43005,
        "low": 1916.63,
        "high": 1917.56006,
        "close": 1917.19995
    },
    "fuzzy_candle": {
        "lower_shadow_level_short": 0.0,
        "lower_shadow_level_long": 0.2256198524823969,
        "upper_shadow_level_short": 0.720426639141354,
        "upper_shadow_level_long": 0.0,
        "body_level_small": 0.5051932133410428,
        "body_level_large": 0.0
    },
    "type": {
        "hammer": 0.2256198524823969,
        "inverted_hammer": 0.0,
        "long_bar": 0.0
    },
    "color": {
        "red": 1,
        "green": 0
    }
}