{
    "factors": {
        "day_map": {
            "buy": 0.4888888888888889,
            "sell": 0.0
        }
    },
    "signal": {
        "buy": 0.4888888888888889,
        "sell": 0.0
    }
}