{
    "candle": {
        "time": "2023-06-14 00:55:00",
        "interval": "FIVE_MIN",
        "open": 1952.73999,
        "low": 1952.31995,
        "high": 1953.45996,
        "close": 1953.12
    },
    "fuzzy_candle": {
        "lower_shadow_level_short": 0.2630941833843071,
        "lower_shadow_level_long": 0.0,
        "upper_shadow_level_short": 0.40358417908603494,
        "upper_shadow_level_long": 0.0,
        "body_level_small": 0.3333216375296578,
        "body_level_large": 0.0
    },
    "type": {
        "hammer": 0.0,
        "inverted_hammer": 0.0,
        "long_bar": 0.0
    },
    "color": {
        "red": 0,
        "green": 1
    }
}