{
    "candle": {
        "time": "2023-06-14 00:50:00",
        "interval": "FIVE_MIN",
        "open": 1953.80005,
        "low": 1952.09998,
        "high": 1954.19995,
        "close": 1952.73999
    },
    "fuzzy_candle": {
        "lower_shadow_level_short": 0.39045795892314705,
        "lower_shadow_level_long": 0.0,
        "upper_shadow_level_short": 0.6191374162489068,
        "upper_shadow_level_long": 0.0,
        "body_level_small": 0.0,
        "body_level_large": 0.009595375172053888
    },
    "type": {
        "hammer": 0.0,
        "inverted_hammer": 0.0,
        "long_bar": 0.009595375172053888
    },
    "color": {
        "red": 1,
        "green": 0
    }
}