{
    "candle": {
        "time": "2023-06-12 23:05:00",
        "interval": "FIVE_MIN",
        "open": 1962.23999,
        "low": 1961.43005,
        "high": 1962.78003,
        "close": 1961.43005
    },
    "fuzzy_candle": {
        "lower_shadow_level_short": 1.0,
        "lower_shadow_level_long": 0.0,
        "upper_shadow_level_short": 0.19992888783555485,
        "upper_shadow_level_long": 0.0,
        "body_level_small": 0.0,
        "body_level_large": 0.19992888783555496
    },
    "type": {
        "hammer": 0.0,
        "inverted_hammer": 0.0,
        "long_bar": 0.19992888783555496
    },
    "color": {
        "red": 1,
        "green": 0
    }
}