{
    "candle": {
        "time": "2023-06-12 23:00:00",
        "interval": "FIVE_MIN",
        "open": 1962.88,
        "low": 1961.91003,
        "high": 1964.12,
        "close": 1962.20996
    },
    "fuzzy_candle": {
        "lower_shadow_level_short": 0.7285664511283687,
        "lower_shadow_level_long": 0.0,
        "upper_shadow_level_short": 0.0,
        "upper_shadow_level_long": 0.12218717901134069,
        "body_level_small": 0.3936207278829721,
        "body_level_large": 0.0
    },
    "type": {
        "hammer": 0.0,
        "inverted_hammer": 0.12218717901134069,
        "long_bar": 0.0
    },
    "color": {
        "red": 1,
        "green": 0
    }
}