{
    "candle": {
        "time": "2023-06-12 19:35:00",
        "interval": "FIVE_MIN",
        "open": 1964.83997,
        "low": 1964.63,
        "high": 1965.38,
        "close": 1965.37
    },
    "fuzzy_candle": {
        "lower_shadow_level_short": 0.44008000000030734,
        "lower_shadow_level_long": 0.0,
        "upper_shadow_level_short": 0.9733333333327513,
        "upper_shadow_level_long": 0.0,
        "body_level_small": 0.0,
        "body_level_large": 0.4134133333330585
    },
    "type": {
        "hammer": 0.0,
        "inverted_hammer": 0.0,
        "long_bar": 0.4134133333330585
    },
    "color": {
        "red": 0,
        "green": 1
    }
}