{
    "candle": {
        "time": "2023-06-12 19:40:00",
        "interval": "FIVE_MIN",
        "open": 1965.34998,
        "low": 1965.23999,
        "high": 1965.48999,
        "close": 1965.46997
    },
    "fuzzy_candle": {
        "lower_shadow_level_short": 0.12008000000059837,
        "lower_shadow_level_long": 0.0,
        "upper_shadow_level_short": 0.8398400000005495,
        "upper_shadow_level_long": 0.0,
        "body_level_small": 0.040079999998852145,
        "body_level_large": 0.0
    },
    "type": {
        "hammer": 0.0,
        "inverted_hammer": 0.0,
        "long_bar": 0.0
    },
    "color": {
        "red": 0,
        "green": 1
    }
}