{
    "candle": {
        "time": "2023-06-26 22:35:00",
        "interval": "FIVE_MIN",
        "open": 1931.93994,
        "low": 1931.93994,
        "high": 1932.63,
        "close": 1932.56006
    },
    "fuzzy_candle": {
        "lower_shadow_level_short": 1.0,
        "lower_shadow_level_long": 0.0,
        "upper_shadow_level_short": 0.7972929890152317,
        "upper_shadow_level_long": 0.0,
        "body_level_small": 0.0,
        "body_level_large": 0.7972929890152318
    },
    "type": {
        "hammer": 0.0,
        "inverted_hammer": 0.0,
        "long_bar": 0.7972929890152318
    },
    "color": {
        "red": 0,
        "green": 1
    }
}