{
    "candle": {
        "time": "2023-06-26 22:30:00",
        "interval": "FIVE_MIN",
        "open": 1931.07996,
        "low": 1930.96997,
        "high": 1932.79004,
        "close": 1931.93994
    },
    "fuzzy_candle": {
        "lower_shadow_level_short": 0.87913651672746,
        "lower_shadow_level_long": 0.0,
        "upper_shadow_level_short": 0.0658601042815744,
        "upper_shadow_level_long": 0.0,
        "body_level_small": 0.055003378990965635,
        "body_level_large": 0.0
    },
    "type": {
        "hammer": 0.0,
        "inverted_hammer": 0.0,
        "long_bar": 0.0
    },
    "color": {
        "red": 0,
        "green": 1
    }
}