{
    "candle": {
        "time": "2023-06-12 20:35:00",
        "interval": "FIVE_MIN",
        "open": 1965.65002,
        "low": 1965.65002,
        "high": 1966.66003,
        "close": 1966.05005
    },
    "fuzzy_candle": {
        "lower_shadow_level_short": 1.0,
        "lower_shadow_level_long": 0.0,
        "upper_shadow_level_short": 0.0,
        "upper_shadow_level_long": 0.2078692290174775,
        "body_level_small": 0.2078692290174774,
        "body_level_large": 0.0
    },
    "type": {
        "hammer": 0.0,
        "inverted_hammer": 0.2078692290174774,
        "long_bar": 0.0
    },
    "color": {
        "red": 0,
        "green": 1
    }
}