{
    "candle": {
        "time": "2023-06-12 20:05:00",
        "interval": "FIVE_MIN",
        "open": 1965.12,
        "low": 1965.03003,
        "high": 1966.07996,
        "close": 1965.03003
    },
    "fuzzy_candle": {
        "lower_shadow_level_short": 1.0,
        "lower_shadow_level_long": 0.0,
        "upper_shadow_level_short": 0.0,
        "upper_shadow_level_long": 0.8286171459049982,
        "body_level_small": 0.8286171459049982,
        "body_level_large": 0.0
    },
    "type": {
        "hammer": 0.0,
        "inverted_hammer": 0.8286171459049982,
        "long_bar": 0.0
    },
    "color": {
        "red": 1,
        "green": 0
    }
}