{
    "candle": {
        "time": "2023-06-12 20:10:00",
        "interval": "FIVE_MIN",
        "open": 1965.04004,
        "low": 1964.83997,
        "high": 1965.59998,
        "close": 1965.32996
    },
    "fuzzy_candle": {
        "lower_shadow_level_short": 0.47350692754015034,
        "lower_shadow_level_long": 0.0,
        "upper_shadow_level_short": 0.28943040223169825,
        "upper_shadow_level_long": 0.0,
        "body_level_small": 0.23706267022815142,
        "body_level_large": 0.0
    },
    "type": {
        "hammer": 0.0,
        "inverted_hammer": 0.0,
        "long_bar": 0.0
    },
    "color": {
        "red": 0,
        "green": 1
    }
}