{
    "hitmap": {
        "1912.3899900000001, 1912.58999": {
            "hit": false,
            "above": 1.0,
            "below": 0.0
        },
        "1918.030005, 1918.230005": {
            "hit": false,
            "above": 1.0,
            "below": 0.0
        },
        "1923.67002, 1923.8700199999998": {
            "hit": false,
            "above": 0.5111111111111111,
            "below": 0.4888888888888889
        },
        "1929.3100350000002, 1929.510035": {
            "hit": true,
            "above": 0.2222222222222222,
            "below": 0.7777777777777778
        }
    },
    "last_five_min": {
        "hammer": 0.0,
        "inverted_hammer": 0.03063822405447536,
        "long_bar": 0.0
    },
    "current_five_min": {
        "hammer": 0.0,
        "inverted_hammer": 0.0,
        "long_bar": 0.906733333333553,
        "color": {
            "red": 0,
            "green": 1
        }
    },
    "current_bigger": 0.8807970779778823,
    "signal": {
        "buy": 0.0,
        "sell": 0.0
    }
}