{
    "candle": {
        "time": "2023-06-23 21:25:00",
        "interval": "FIVE_MIN",
        "open": 1918.94995,
        "low": 1918.81995,
        "high": 1919.39001,
        "close": 1919.38
    },
    "fuzzy_candle": {
        "lower_shadow_level_short": 0.5439076588433533,
        "lower_shadow_level_long": 0.0,
        "upper_shadow_level_short": 0.9648808897310268,
        "upper_shadow_level_long": 0.0,
        "body_level_small": 0.0,
        "body_level_large": 0.5087885485743802
    },
    "type": {
        "hammer": 0.0,
        "inverted_hammer": 0.0,
        "long_bar": 0.5087885485743802
    },
    "color": {
        "red": 0,
        "green": 1
    }
}