{
    "candle": {
        "time": "2023-06-23 21:30:00",
        "interval": "FIVE_MIN",
        "open": 1919.38,
        "low": 1919.31995,
        "high": 1920.68994,
        "close": 1919.58997
    },
    "fuzzy_candle": {
        "lower_shadow_level_short": 0.912335126533697,
        "lower_shadow_level_long": 0.0,
        "upper_shadow_level_short": 0.0,
        "upper_shadow_level_long": 0.6058073416595042,
        "body_level_small": 0.6934722151258074,
        "body_level_large": 0.0
    },
    "type": {
        "hammer": 0.0,
        "inverted_hammer": 0.6058073416595042,
        "long_bar": 0.0
    },
    "color": {
        "red": 0,
        "green": 1
    }
}