{
    "candle": {
        "time": "2023-06-13 21:20:00",
        "interval": "FIVE_MIN",
        "open": 1965.29004,
        "low": 1964.82996,
        "high": 1965.68994,
        "close": 1965.26001
    },
    "fuzzy_candle": {
        "lower_shadow_level_short": 0.0,
        "lower_shadow_level_long": 0.00013953812870570736,
        "upper_shadow_level_short": 0.06997837159024234,
        "upper_shadow_level_long": 0.0,
        "body_level_small": 0.9301611665384635,
        "body_level_large": 0.0
    },
    "type": {
        "hammer": 0.00013953812870570736,
        "inverted_hammer": 0.0,
        "long_bar": 0.0
    },
    "color": {
        "red": 1,
        "green": 0
    }
}