{
    "candle": {
        "time": "2023-06-24 00:35:00",
        "interval": "FIVE_MIN",
        "open": 1926.76001,
        "low": 1926.06006,
        "high": 1927.54004,
        "close": 1926.46997
    },
    "fuzzy_candle": {
        "lower_shadow_level_short": 0.4460600818929138,
        "lower_shadow_level_long": 0.0,
        "upper_shadow_level_short": 0.0,
        "upper_shadow_level_long": 0.054108839308758316,
        "body_level_small": 0.6080487574158446,
        "body_level_large": 0.0
    },
    "type": {
        "hammer": 0.0,
        "inverted_hammer": 0.054108839308758316,
        "long_bar": 0.0
    },
    "color": {
        "red": 1,
        "green": 0
    }
}