{
    "candle": {
        "time": "2023-06-24 00:30:00",
        "interval": "FIVE_MIN",
        "open": 1929.01001,
        "low": 1926.15002,
        "high": 1929.21997,
        "close": 1926.91003
    },
    "fuzzy_candle": {
        "lower_shadow_level_short": 0.5048714148439224,
        "lower_shadow_level_long": 0.0,
        "upper_shadow_level_short": 0.8632160132900321,
        "upper_shadow_level_long": 0.0,
        "body_level_small": 0.0,
        "body_level_large": 0.36808742813395456
    },
    "type": {
        "hammer": 0.0,
        "inverted_hammer": 0.0,
        "long_bar": 0.36808742813395456
    },
    "color": {
        "red": 1,
        "green": 0
    }
}