{
    "candle": {
        "time": "2023-06-27 00:20:00",
        "interval": "FIVE_MIN",
        "open": 1923.51001,
        "low": 1923.48999,
        "high": 1924.51001,
        "close": 1924.17004
    },
    "fuzzy_candle": {
        "lower_shadow_level_short": 0.9607458677282158,
        "lower_shadow_level_long": 0.0,
        "upper_shadow_level_short": 0.33340522734845046,
        "upper_shadow_level_long": 0.0,
        "body_level_small": 0.0,
        "body_level_large": 0.29415109507666615
    },
    "type": {
        "hammer": 0.0,
        "inverted_hammer": 0.0,
        "long_bar": 0.29415109507666615
    },
    "color": {
        "red": 0,
        "green": 1
    }
}