{
    "candle": {
        "time": "2023-06-27 00:25:00",
        "interval": "FIVE_MIN",
        "open": 1924.13,
        "low": 1923.56995,
        "high": 1924.46997,
        "close": 1924.07996
    },
    "fuzzy_candle": {
        "lower_shadow_level_short": 0.0,
        "lower_shadow_level_long": 0.1333303704360853,
        "upper_shadow_level_short": 0.24452789938006136,
        "upper_shadow_level_long": 0.0,
        "body_level_small": 0.888802471056024,
        "body_level_large": 0.0
    },
    "type": {
        "hammer": 0.1333303704360853,
        "inverted_hammer": 0.0,
        "long_bar": 0.0
    },
    "color": {
        "red": 1,
        "green": 0
    }
}