{
    "candle": {
        "time": "2023-06-26 23:05:00",
        "interval": "FIVE_MIN",
        "open": 1930.76001,
        "low": 1930.39001,
        "high": 1931.29004,
        "close": 1930.67004
    },
    "fuzzy_candle": {
        "lower_shadow_level_short": 0.3777318533829045,
        "lower_shadow_level_long": 0.0,
        "upper_shadow_level_short": 0.0,
        "upper_shadow_level_long": 0.17780518427189174,
        "body_level_small": 0.8000733308889874,
        "body_level_large": 0.0
    },
    "type": {
        "hammer": 0.0,
        "inverted_hammer": 0.17780518427189174,
        "long_bar": 0.0
    },
    "color": {
        "red": 1,
        "green": 0
    }
}