{
    "candle": {
        "time": "2023-06-26 23:10:00",
        "interval": "FIVE_MIN",
        "open": 1930.68005,
        "low": 1930.28003,
        "high": 1931.09998,
        "close": 1930.88
    },
    "fuzzy_candle": {
        "lower_shadow_level_short": 0.02428196841268393,
        "lower_shadow_level_long": 0.0,
        "upper_shadow_level_short": 0.463430696994125,
        "upper_shadow_level_long": 0.0,
        "body_level_small": 0.5122873345931911,
        "body_level_large": 0.0
    },
    "type": {
        "hammer": 0.0,
        "inverted_hammer": 0.0,
        "long_bar": 0.0
    },
    "color": {
        "red": 0,
        "green": 1
    }
}