{
    "factors": {
        "day_map": {
            "buy": 0.0,
            "sell": 0.03271177689315352
        }
    },
    "signal": {
        "buy": 0.0,
        "sell": 0.03271177689315352
    }
}