{
    "candle": {
        "time": "2023-06-26 23:15:00",
        "interval": "FIVE_MIN",
        "open": 1930.07996,
        "low": 1928.56006,
        "high": 1930.17004,
        "close": 1928.66003
    },
    "fuzzy_candle": {
        "lower_shadow_level_short": 0.875812121889728,
        "lower_shadow_level_long": 0.0,
        "upper_shadow_level_short": 0.8880979887949586,
        "upper_shadow_level_long": 0.0,
        "body_level_small": 0.0,
        "body_level_large": 0.7639101106846866
    },
    "type": {
        "hammer": 0.0,
        "inverted_hammer": 0.0,
        "long_bar": 0.7639101106846866
    },
    "color": {
        "red": 1,
        "green": 0
    }
}