{
    "candle": {
        "time": "2023-06-13 20:15:00",
        "interval": "FIVE_MIN",
        "open": 1963.16003,
        "low": 1963.16003,
        "high": 1964.06995,
        "close": 1963.93005
    },
    "fuzzy_candle": {
        "lower_shadow_level_short": 1.0,
        "lower_shadow_level_long": 0.0,
        "upper_shadow_level_short": 0.6925004395988297,
        "upper_shadow_level_long": 0.0,
        "body_level_small": 0.0,
        "body_level_large": 0.6925004395988297
    },
    "type": {
        "hammer": 0.0,
        "inverted_hammer": 0.0,
        "long_bar": 0.6925004395988297
    },
    "color": {
        "red": 0,
        "green": 1
    }
}