{
    "candle": {
        "time": "2023-06-24 00:15:00",
        "interval": "FIVE_MIN",
        "open": 1930.09998,
        "low": 1928.35999,
        "high": 1930.32996,
        "close": 1929.06006
    },
    "fuzzy_candle": {
        "lower_shadow_level_short": 0.2892582120539302,
        "lower_shadow_level_long": 0.0,
        "upper_shadow_level_short": 0.7665142108762503,
        "upper_shadow_level_long": 0.0,
        "body_level_small": 0.0,
        "body_level_large": 0.05577242293018059
    },
    "type": {
        "hammer": 0.0,
        "inverted_hammer": 0.0,
        "long_bar": 0.05577242293018059
    },
    "color": {
        "red": 1,
        "green": 0
    }
}