{
    "candle": {
        "time": "2023-06-24 00:20:00",
        "interval": "FIVE_MIN",
        "open": 1928.94995,
        "low": 1926.64001,
        "high": 1929.21997,
        "close": 1927.45996
    },
    "fuzzy_candle": {
        "lower_shadow_level_short": 0.36436999023254146,
        "lower_shadow_level_long": 0.0,
        "upper_shadow_level_short": 0.7906789252545344,
        "upper_shadow_level_long": 0.0,
        "body_level_small": 0.0,
        "body_level_large": 0.15504891548707578
    },
    "type": {
        "hammer": 0.0,
        "inverted_hammer": 0.0,
        "long_bar": 0.15504891548707578
    },
    "color": {
        "red": 1,
        "green": 0
    }
}