{
    "candle": {
        "time": "2023-06-26 21:35:00",
        "interval": "FIVE_MIN",
        "open": 1931.90002,
        "low": 1931.84998,
        "high": 1932.68005,
        "close": 1932.29004
    },
    "fuzzy_candle": {
        "lower_shadow_level_short": 0.8794318551445487,
        "lower_shadow_level_long": 0.0,
        "upper_shadow_level_short": 0.06029611960471326,
        "upper_shadow_level_long": 0.0,
        "body_level_small": 0.06027202525073805,
        "body_level_large": 0.0
    },
    "type": {
        "hammer": 0.0,
        "inverted_hammer": 0.0,
        "long_bar": 0.0
    },
    "color": {
        "red": 0,
        "green": 1
    }
}