{
    "candle": {
        "time": "2023-06-23 23:50:00",
        "interval": "FIVE_MIN",
        "open": 1934.07996,
        "low": 1933.98999,
        "high": 1935.68994,
        "close": 1934.63
    },
    "fuzzy_candle": {
        "lower_shadow_level_short": 0.8941498279361195,
        "lower_shadow_level_long": 0.0,
        "upper_shadow_level_short": 0.0,
        "upper_shadow_level_long": 0.24702491249731384,
        "body_level_small": 0.3528750845611942,
        "body_level_large": 0.0
    },
    "type": {
        "hammer": 0.0,
        "inverted_hammer": 0.24702491249731384,
        "long_bar": 0.0
    },
    "color": {
        "red": 0,
        "green": 1
    }
}