{
    "candle": {
        "time": "2023-06-13 21:05:00",
        "interval": "FIVE_MIN",
        "open": 1966.06006,
        "low": 1965.04004,
        "high": 1966.26001,
        "close": 1965.41003
    },
    "fuzzy_candle": {
        "lower_shadow_level_short": 0.39344410108452865,
        "lower_shadow_level_long": 0.0,
        "upper_shadow_level_short": 0.6722050542227027,
        "upper_shadow_level_long": 0.0,
        "body_level_small": 0.0,
        "body_level_large": 0.06564915530723137
    },
    "type": {
        "hammer": 0.0,
        "inverted_hammer": 0.0,
        "long_bar": 0.06564915530723137
    },
    "color": {
        "red": 1,
        "green": 0
    }
}