{
    "candle": {
        "time": "2023-06-13 21:10:00",
        "interval": "FIVE_MIN",
        "open": 1965.42004,
        "low": 1965.42004,
        "high": 1965.68994,
        "close": 1965.48999
    },
    "fuzzy_candle": {
        "lower_shadow_level_short": 1.0,
        "lower_shadow_level_long": 0.0,
        "upper_shadow_level_short": 0.0,
        "upper_shadow_level_long": 0.4816598740269671,
        "body_level_small": 0.4816598740269672,
        "body_level_large": 0.0
    },
    "type": {
        "hammer": 0.0,
        "inverted_hammer": 0.4816598740269671,
        "long_bar": 0.0
    },
    "color": {
        "red": 0,
        "green": 1
    }
}