{
    "factors": {
        "day_map": {
            "buy": 0.0,
            "sell": 0.17864578580358895
        }
    },
    "signal": {
        "buy": 0.0,
        "sell": 0.17864578580358895
    }
}