{
    "candle": {
        "time": "2023-06-26 23:00:00",
        "interval": "FIVE_MIN",
        "open": 1931.56995,
        "low": 1930.62,
        "high": 1931.56995,
        "close": 1931.43005
    },
    "fuzzy_candle": {
        "lower_shadow_level_short": 0.0,
        "lower_shadow_level_long": 0.7054581820093693,
        "upper_shadow_level_short": 1.0,
        "upper_shadow_level_long": 0.0,
        "body_level_small": 0.7054581820093693,
        "body_level_large": 0.0
    },
    "type": {
        "hammer": 0.7054581820093693,
        "inverted_hammer": 0.0,
        "long_bar": 0.0
    },
    "color": {
        "red": 1,
        "green": 0
    }
}