{
    "hitmap": {
        "1910.21006, 1910.41006": {
            "hit": false,
            "above": 1.0,
            "below": 0.0
        },
        "1916.89756, 1917.09756": {
            "hit": false,
            "above": 1.0,
            "below": 0.0
        },
        "1923.58506, 1923.78506": {
            "hit": true,
            "above": 0.7777777777777778,
            "below": 0.2222222222222222
        }
    },
    "last_five_min": {
        "hammer": 0.0,
        "inverted_hammer": 0.0,
        "long_bar": 0.25405028791573736
    },
    "current_five_min": {
        "hammer": 0.20005894302510185,
        "inverted_hammer": 0.0,
        "long_bar": 0.0,
        "color": {
            "red": 0,
            "green": 1
        }
    },
    "current_bigger": 2.3913704586952557e-07,
    "signal": {
        "buy": 0.0,
        "sell": 0.0
    }
}