{
    "hitmap": {
        "1912.3899900000001, 1912.58999": {
            "hit": false,
            "above": 1.0,
            "below": 0.0
        },
        "1918.030005, 1918.230005": {
            "hit": false,
            "above": 0.2222222222222222,
            "below": 0.7777777777777778
        },
        "1923.67002, 1923.8700199999998": {
            "hit": false,
            "above": 0.0,
            "below": 1.0
        },
        "1929.3100350000002, 1929.510035": {
            "hit": false,
            "above": 0.0,
            "below": 1.0
        },
        "1934.9500500000001, 1935.15005": {
            "hit": false,
            "above": 0.0,
            "below": 1.0
        }
    },
    "last_five_min": {
        "hammer": 0.0,
        "inverted_hammer": 0.0,
        "long_bar": 0.05055606622271602
    },
    "current_five_min": {
        "hammer": 0.0,
        "inverted_hammer": 0.3583382072713637,
        "long_bar": 0.0,
        "color": {
            "red": 0,
            "green": 1
        }
    },
    "current_bigger": 5.26910339820738e-08,
    "signal": {
        "buy": 0,
        "sell": 0
    }
}