{
    "candle": {
        "time": "2023-06-14 20:30:00",
        "interval": "FIVE_MIN",
        "open": 1949.84998,
        "low": 1948.90002,
        "high": 1950.04004,
        "close": 1948.93005
    },
    "fuzzy_candle": {
        "lower_shadow_level_short": 0.9473167137420472,
        "lower_shadow_level_long": 0.0,
        "upper_shadow_level_short": 0.6665672532058697,
        "upper_shadow_level_long": 0.0,
        "body_level_small": 0.0,
        "body_level_large": 0.613883966947917
    },
    "type": {
        "hammer": 0.0,
        "inverted_hammer": 0.0,
        "long_bar": 0.613883966947917
    },
    "color": {
        "red": 1,
        "green": 0
    }
}