{
    "candle": {
        "time": "2023-06-23 23:35:00",
        "interval": "FIVE_MIN",
        "open": 1934.09998,
        "low": 1932.15002,
        "high": 1934.09998,
        "close": 1932.88
    },
    "fuzzy_candle": {
        "lower_shadow_level_short": 0.2512872058913014,
        "lower_shadow_level_long": 0.0,
        "upper_shadow_level_short": 1.0,
        "upper_shadow_level_long": 0.0,
        "body_level_small": 0.0,
        "body_level_large": 0.2512872058913014
    },
    "type": {
        "hammer": 0.0,
        "inverted_hammer": 0.0,
        "long_bar": 0.2512872058913014
    },
    "color": {
        "red": 1,
        "green": 0
    }
}