{
    "candle": {
        "time": "2023-06-13 00:25:00",
        "interval": "FIVE_MIN",
        "open": 1951.31006,
        "low": 1950.55005,
        "high": 1952.05005,
        "close": 1950.58997
    },
    "fuzzy_candle": {
        "lower_shadow_level_short": 0.9467733333334157,
        "lower_shadow_level_long": 0.0,
        "upper_shadow_level_short": 0.013346666666620877,
        "upper_shadow_level_long": 0.0,
        "body_level_small": 0.03987999999996339,
        "body_level_large": 0.0
    },
    "type": {
        "hammer": 0.0,
        "inverted_hammer": 0.0,
        "long_bar": 0.0
    },
    "color": {
        "red": 1,
        "green": 0
    }
}