{
    "hitmap": {
        "1956.58005, 1956.7800499999998": {
            "hit": false,
            "above": 1.0,
            "below": 0.0
        },
        "1960.6850325, 1960.8850324999999": {
            "hit": false,
            "above": 1.0,
            "below": 0.0
        },
        "1964.790015, 1964.9900149999999": {
            "hit": true,
            "above": 0.0,
            "below": 1.0
        }
    },
    "last_five_min": {
        "hammer": 0.0,
        "inverted_hammer": 0.0,
        "long_bar": 0.45176198952100677
    },
    "current_five_min": {
        "hammer": 0.0,
        "inverted_hammer": 0.0,
        "long_bar": 0.5336183000439805,
        "color": {
            "red": 1,
            "green": 0
        }
    },
    "current_bigger": 0.10626663361216265,
    "signal": {
        "buy": 0.0,
        "sell": 0.10626663361216265
    }
}