{
    "factors": {
        "day_map": {
            "buy": 0.0,
            "sell": 0.10626663361216265
        }
    },
    "signal": {
        "buy": 0.0,
        "sell": 0.10626663361216265
    }
}