{
    "candle": {
        "time": "2023-06-26 20:35:00",
        "interval": "FIVE_MIN",
        "open": 1932.06995,
        "low": 1931.98999,
        "high": 1932.81995,
        "close": 1932.73999
    },
    "fuzzy_candle": {
        "lower_shadow_level_short": 0.8073160152295882,
        "lower_shadow_level_long": 0.0,
        "upper_shadow_level_short": 0.8073160152295882,
        "upper_shadow_level_long": 0.0,
        "body_level_small": 0.0,
        "body_level_large": 0.6146320304591764
    },
    "type": {
        "hammer": 0.0,
        "inverted_hammer": 0.0,
        "long_bar": 0.6146320304591764
    },
    "color": {
        "red": 0,
        "green": 1
    }
}