{
    "candle": {
        "time": "2023-06-26 20:30:00",
        "interval": "FIVE_MIN",
        "open": 1932.16003,
        "low": 1931.78003,
        "high": 1932.34998,
        "close": 1931.95996
    },
    "fuzzy_candle": {
        "lower_shadow_level_short": 0.3686112816914,
        "lower_shadow_level_long": 0.0,
        "upper_shadow_level_short": 0.3334503026583645,
        "upper_shadow_level_long": 0.0,
        "body_level_small": 0.2979384156502355,
        "body_level_large": 0.0
    },
    "type": {
        "hammer": 0.0,
        "inverted_hammer": 0.0,
        "long_bar": 0.0
    },
    "color": {
        "red": 1,
        "green": 0
    }
}