{
    "candle": {
        "time": "2023-06-13 00:05:00",
        "interval": "FIVE_MIN",
        "open": 1954.46997,
        "low": 1950.73999,
        "high": 1954.46997,
        "close": 1950.87
    },
    "fuzzy_candle": {
        "lower_shadow_level_short": 0.9302891704513944,
        "lower_shadow_level_long": 0.0,
        "upper_shadow_level_short": 1.0,
        "upper_shadow_level_long": 0.0,
        "body_level_small": 0.0,
        "body_level_large": 0.9302891704513943
    },
    "type": {
        "hammer": 0.0,
        "inverted_hammer": 0.0,
        "long_bar": 0.9302891704513943
    },
    "color": {
        "red": 1,
        "green": 0
    }
}