{
    "candle": {
        "time": "2023-06-13 00:10:00",
        "interval": "FIVE_MIN",
        "open": 1950.87,
        "low": 1950.68005,
        "high": 1953.34998,
        "close": 1953.31995
    },
    "fuzzy_candle": {
        "lower_shadow_level_short": 0.8577116253984548,
        "lower_shadow_level_long": 0.0,
        "upper_shadow_level_short": 0.9775050282217911,
        "upper_shadow_level_long": 0.0,
        "body_level_small": 0.0,
        "body_level_large": 0.8352166536202459
    },
    "type": {
        "hammer": 0.0,
        "inverted_hammer": 0.0,
        "long_bar": 0.8352166536202459
    },
    "color": {
        "red": 0,
        "green": 1
    }
}