{
    "candle": {
        "time": "2023-06-16 19:05:00",
        "interval": "FIVE_MIN",
        "open": 1964.16003,
        "low": 1963.68994,
        "high": 1964.45996,
        "close": 1963.82996
    },
    "fuzzy_candle": {
        "lower_shadow_level_short": 0.6363211345158255,
        "lower_shadow_level_long": 0.0,
        "upper_shadow_level_short": 0.22098127321386296,
        "upper_shadow_level_long": 0.0,
        "body_level_small": 0.14269759227031165,
        "body_level_large": 0.0
    },
    "type": {
        "hammer": 0.0,
        "inverted_hammer": 0.0,
        "long_bar": 0.0
    },
    "color": {
        "red": 1,
        "green": 0
    }
}