{
    "candle": {
        "time": "2023-06-16 19:10:00",
        "interval": "FIVE_MIN",
        "open": 1963.82996,
        "low": 1963.68994,
        "high": 1964.78003,
        "close": 1963.88
    },
    "fuzzy_candle": {
        "lower_shadow_level_short": 0.7431037804216899,
        "lower_shadow_level_long": 0.0,
        "upper_shadow_level_short": 0.0,
        "upper_shadow_level_long": 0.6512948472141846,
        "body_level_small": 0.9081910667924948,
        "body_level_large": 0.0
    },
    "type": {
        "hammer": 0.0,
        "inverted_hammer": 0.6512948472141846,
        "long_bar": 0.0
    },
    "color": {
        "red": 0,
        "green": 1
    }
}