{
    "candle": {
        "time": "2023-06-12 21:35:00",
        "interval": "FIVE_MIN",
        "open": 1964.93005,
        "low": 1963.46997,
        "high": 1964.94995,
        "close": 1963.63
    },
    "fuzzy_candle": {
        "lower_shadow_level_short": 0.7837403208151148,
        "lower_shadow_level_long": 0.0,
        "upper_shadow_level_short": 0.9731077446992404,
        "upper_shadow_level_long": 0.0,
        "body_level_small": 0.0,
        "body_level_large": 0.7568480655143552
    },
    "type": {
        "hammer": 0.0,
        "inverted_hammer": 0.0,
        "long_bar": 0.7568480655143552
    },
    "color": {
        "red": 1,
        "green": 0
    }
}