{
    "candle": {
        "time": "2023-06-27 19:20:00",
        "interval": "FIVE_MIN",
        "open": 1925.28003,
        "low": 1925.20996,
        "high": 1925.81006,
        "close": 1925.31995
    },
    "fuzzy_candle": {
        "lower_shadow_level_short": 0.7664722546243161,
        "lower_shadow_level_long": 0.0,
        "upper_shadow_level_short": 0.0,
        "upper_shadow_level_long": 0.6334277620392195,
        "body_level_small": 0.8669555074149036,
        "body_level_large": 0.0
    },
    "type": {
        "hammer": 0.0,
        "inverted_hammer": 0.6334277620392195,
        "long_bar": 0.0
    },
    "color": {
        "red": 0,
        "green": 1
    }
}