{
    "candle": {
        "time": "2023-06-27 20:00:00",
        "interval": "FIVE_MIN",
        "open": 1924.18005,
        "low": 1923.93005,
        "high": 1924.38,
        "close": 1924.23999
    },
    "fuzzy_candle": {
        "lower_shadow_level_short": 0.0,
        "lower_shadow_level_long": 0.11123458161975597,
        "upper_shadow_level_short": 0.3776641849093394,
        "upper_shadow_level_long": 0.0,
        "body_level_small": 0.7335703967104166,
        "body_level_large": 0.0
    },
    "type": {
        "hammer": 0.11123458161975597,
        "inverted_hammer": 0.0,
        "long_bar": 0.0
    },
    "color": {
        "red": 0,
        "green": 1
    }
}