{
    "hitmap": {
        "1956.58005, 1956.7800499999998": {
            "hit": false,
            "above": 0.5777777777777777,
            "below": 0.4222222222222222
        },
        "1960.6850325, 1960.8850324999999": {
            "hit": false,
            "above": 0.15555555555555556,
            "below": 0.8444444444444444
        },
        "1964.790015, 1964.9900149999999": {
            "hit": false,
            "above": 0.0,
            "below": 1.0
        },
        "1968.8949975, 1969.0949974999999": {
            "hit": false,
            "above": 0.0,
            "below": 1.0
        },
        "1972.99998, 1973.1999799999999": {
            "hit": false,
            "above": 0.0,
            "below": 1.0
        }
    },
    "last_five_min": {
        "hammer": 0.0,
        "inverted_hammer": 0.0,
        "long_bar": 0.1911896087087943
    },
    "current_five_min": {
        "hammer": 0.0,
        "inverted_hammer": 0.0,
        "long_bar": 0.8427218793073155,
        "color": {
            "red": 1,
            "green": 0
        }
    },
    "current_bigger": 0.8807970779778823,
    "signal": {
        "buy": 0,
        "sell": 0
    }
}