{
    "candle": {
        "time": "2023-06-12 19:10:00",
        "interval": "FIVE_MIN",
        "open": 1964.98999,
        "low": 1964.62,
        "high": 1965.63,
        "close": 1964.78003
    },
    "fuzzy_candle": {
        "lower_shadow_level_short": 0.6831089108911456,
        "lower_shadow_level_long": 0.0,
        "upper_shadow_level_short": 0.0,
        "upper_shadow_level_long": 0.26734653465333946,
        "body_level_small": 0.584237623762194,
        "body_level_large": 0.0
    },
    "type": {
        "hammer": 0.0,
        "inverted_hammer": 0.26734653465333946,
        "long_bar": 0.0
    },
    "color": {
        "red": 1,
        "green": 0
    }
}