{
    "hitmap": {
        "1921.52, 1921.7199999999998": {
            "hit": false,
            "above": 1.0,
            "below": 0.0
        },
        "1924.47001, 1924.6700099999998": {
            "hit": true,
            "above": 0.4,
            "below": 0.6
        }
    },
    "last_five_min": {
        "hammer": 0.0,
        "inverted_hammer": 0.07727808830334393,
        "long_bar": 0.0
    },
    "current_five_min": {
        "hammer": 0.11123458161975597,
        "inverted_hammer": 0.0,
        "long_bar": 0.0,
        "color": {
            "red": 0,
            "green": 1
        }
    },
    "current_bigger": 4.520948864700215e-05,
    "signal": {
        "buy": 0.0,
        "sell": 0.0
    }
}