{
    "candle": {
        "time": "2023-06-23 20:45:00",
        "interval": "FIVE_MIN",
        "open": 1917.58997,
        "low": 1917.40002,
        "high": 1918.19995,
        "close": 1917.93994
    },
    "fuzzy_candle": {
        "lower_shadow_level_short": 0.5250834448014795,
        "lower_shadow_level_long": 0.0,
        "upper_shadow_level_short": 0.34991811783531834,
        "upper_shadow_level_long": 0.0,
        "body_level_small": 0.12499843736320215,
        "body_level_large": 0.0
    },
    "type": {
        "hammer": 0.0,
        "inverted_hammer": 0.0,
        "long_bar": 0.0
    },
    "color": {
        "red": 0,
        "green": 1
    }
}