{
    "factors": {
        "day_map": {
            "buy": 0.0,
            "sell": 0.011112234694293122
        }
    },
    "signal": {
        "buy": 0.0,
        "sell": 0.011112234694293122
    }
}