{
    "hitmap": {
        "1956.58005, 1956.7800499999998": {
            "hit": false,
            "above": 1.0,
            "below": 0.0
        },
        "1960.6850325, 1960.8850324999999": {
            "hit": true,
            "above": 0.8888888888888888,
            "below": 0.1111111111111111
        }
    },
    "last_five_min": {
        "hammer": 0.0,
        "inverted_hammer": 0.0,
        "long_bar": 0.6260499817395155
    },
    "current_five_min": {
        "hammer": 0.0,
        "inverted_hammer": 0.0,
        "long_bar": 0.5573537719285355,
        "color": {
            "red": 1,
            "green": 0
        }
    },
    "current_bigger": 0.0013071287979975641,
    "signal": {
        "buy": 0.0,
        "sell": 0.0013071287979975641
    }
}