{
    "factors": {
        "day_map": {
            "buy": 0.0,
            "sell": 0.0013071287979975641
        }
    },
    "signal": {
        "buy": 0.0,
        "sell": 0.0013071287979975641
    }
}