{
    "candle": {
        "time": "2023-06-23 19:15:00",
        "interval": "FIVE_MIN",
        "open": 1917.83997,
        "low": 1917.32996,
        "high": 1918.01001,
        "close": 1917.68994
    },
    "fuzzy_candle": {
        "lower_shadow_level_short": 0.0,
        "lower_shadow_level_long": 0.05868686126015321,
        "upper_shadow_level_short": 0.49991912359389046,
        "upper_shadow_level_long": 0.0,
        "body_level_small": 0.5587677376662628,
        "body_level_large": 0.0
    },
    "type": {
        "hammer": 0.05868686126015321,
        "inverted_hammer": 0.0,
        "long_bar": 0.0
    },
    "color": {
        "red": 1,
        "green": 0
    }
}