{
    "candle": {
        "time": "2023-06-13 20:55:00",
        "interval": "FIVE_MIN",
        "open": 1965.51001,
        "low": 1965.51001,
        "high": 1966.01001,
        "close": 1965.73999
    },
    "fuzzy_candle": {
        "lower_shadow_level_short": 1.0,
        "lower_shadow_level_long": 0.0,
        "upper_shadow_level_short": 0.0,
        "upper_shadow_level_long": 0.08007999999972526,
        "body_level_small": 0.08007999999972526,
        "body_level_large": 0.0
    },
    "type": {
        "hammer": 0.0,
        "inverted_hammer": 0.08007999999972526,
        "long_bar": 0.0
    },
    "color": {
        "red": 0,
        "green": 1
    }
}