{
    "candle": {
        "time": "2023-06-13 20:50:00",
        "interval": "FIVE_MIN",
        "open": 1965.12,
        "low": 1965.05005,
        "high": 1965.63,
        "close": 1965.48999
    },
    "fuzzy_candle": {
        "lower_shadow_level_short": 0.7587723079581732,
        "lower_shadow_level_long": 0.0,
        "upper_shadow_level_short": 0.5171652728681373,
        "upper_shadow_level_long": 0.0,
        "body_level_small": 0.0,
        "body_level_large": 0.2759375808263105
    },
    "type": {
        "hammer": 0.0,
        "inverted_hammer": 0.0,
        "long_bar": 0.2759375808263105
    },
    "color": {
        "red": 0,
        "green": 1
    }
}