{
    "factors": {
        "day_map": {
            "buy": 0.0,
            "sell": 0.2666486590739699
        }
    },
    "signal": {
        "buy": 0.0,
        "sell": 0.2666486590739699
    }
}