{
    "candle": {
        "time": "2023-06-24 01:05:00",
        "interval": "FIVE_MIN",
        "open": 1925.38,
        "low": 1923.73999,
        "high": 1925.78003,
        "close": 1923.88
    },
    "fuzzy_candle": {
        "lower_shadow_level_short": 0.8627379855296129,
        "lower_shadow_level_long": 0.0,
        "upper_shadow_level_short": 0.6078214152665489,
        "upper_shadow_level_long": 0.0,
        "body_level_small": 0.0,
        "body_level_large": 0.47055940079616176
    },
    "type": {
        "hammer": 0.0,
        "inverted_hammer": 0.0,
        "long_bar": 0.47055940079616176
    },
    "color": {
        "red": 1,
        "green": 0
    }
}