{
    "candle": {
        "time": "2023-06-24 01:10:00",
        "interval": "FIVE_MIN",
        "open": 1923.81006,
        "low": 1923.78003,
        "high": 1925.48999,
        "close": 1924.10999
    },
    "fuzzy_candle": {
        "lower_shadow_level_short": 0.9648763713769656,
        "lower_shadow_level_long": 0.0,
        "upper_shadow_level_short": 0.0,
        "upper_shadow_level_long": 0.6140728438092098,
        "body_level_small": 0.6491964724322443,
        "body_level_large": 0.0
    },
    "type": {
        "hammer": 0.0,
        "inverted_hammer": 0.6140728438092098,
        "long_bar": 0.0
    },
    "color": {
        "red": 0,
        "green": 1
    }
}