{
    "candle": {
        "time": "2023-06-14 20:50:00",
        "interval": "FIVE_MIN",
        "open": 1948.45996,
        "low": 1948.09998,
        "high": 1948.84998,
        "close": 1948.48999
    },
    "fuzzy_candle": {
        "lower_shadow_level_short": 0.0400533333334655,
        "lower_shadow_level_long": 0.0,
        "upper_shadow_level_short": 0.04002666666686616,
        "upper_shadow_level_long": 0.0,
        "body_level_small": 0.9199199999996684,
        "body_level_large": 0.0
    },
    "type": {
        "hammer": 0.0,
        "inverted_hammer": 0.0,
        "long_bar": 0.0
    },
    "color": {
        "red": 0,
        "green": 1
    }
}