{
    "candle": {
        "time": "2023-06-15 20:45:00",
        "interval": "FIVE_MIN",
        "open": 1934.59998,
        "low": 1934.56995,
        "high": 1934.91003,
        "close": 1934.79004
    },
    "fuzzy_candle": {
        "lower_shadow_level_short": 0.8233944954134207,
        "lower_shadow_level_long": 0.0,
        "upper_shadow_level_short": 0.2943425076456362,
        "upper_shadow_level_long": 0.0,
        "body_level_small": 0.0,
        "body_level_large": 0.11773700305905677
    },
    "type": {
        "hammer": 0.0,
        "inverted_hammer": 0.0,
        "long_bar": 0.11773700305905677
    },
    "color": {
        "red": 0,
        "green": 1
    }
}