{
    "candle": {
        "time": "2023-06-26 23:35:00",
        "interval": "FIVE_MIN",
        "open": 1926.08997,
        "low": 1925.46997,
        "high": 1926.88,
        "close": 1925.66003
    },
    "fuzzy_candle": {
        "lower_shadow_level_short": 0.730417083324607,
        "lower_shadow_level_long": 0.0,
        "upper_shadow_level_short": 0.0,
        "upper_shadow_level_long": 0.12058608682100647,
        "body_level_small": 0.3901690034963995,
        "body_level_large": 0.0
    },
    "type": {
        "hammer": 0.0,
        "inverted_hammer": 0.12058608682100647,
        "long_bar": 0.0
    },
    "color": {
        "red": 1,
        "green": 0
    }
}