{
    "candle": {
        "time": "2023-06-15 21:40:00",
        "interval": "FIVE_MIN",
        "open": 1928.95996,
        "low": 1928.84998,
        "high": 1929.83997,
        "close": 1929.30005
    },
    "fuzzy_candle": {
        "lower_shadow_level_short": 0.7778159375348305,
        "lower_shadow_level_long": 0.0,
        "upper_shadow_level_short": 0.0,
        "upper_shadow_level_long": 0.09075849250986279,
        "body_level_small": 0.3129425549750323,
        "body_level_large": 0.0
    },
    "type": {
        "hammer": 0.0,
        "inverted_hammer": 0.09075849250986279,
        "long_bar": 0.0
    },
    "color": {
        "red": 0,
        "green": 1
    }
}