{
    "candle": {
        "time": "2023-06-13 23:05:00",
        "interval": "FIVE_MIN",
        "open": 1965.08997,
        "low": 1963.54004,
        "high": 1965.68994,
        "close": 1964.01001
    },
    "fuzzy_candle": {
        "lower_shadow_level_short": 0.5627982696870553,
        "lower_shadow_level_long": 0.0,
        "upper_shadow_level_short": 0.44186241220520406,
        "upper_shadow_level_long": 0.0,
        "body_level_small": 0.0,
        "body_level_large": 0.004660681892259211
    },
    "type": {
        "hammer": 0.0,
        "inverted_hammer": 0.0,
        "long_bar": 0.004660681892259211
    },
    "color": {
        "red": 1,
        "green": 0
    }
}