{
    "candle": {
        "time": "2023-06-13 23:10:00",
        "interval": "FIVE_MIN",
        "open": 1963.96997,
        "low": 1963.89001,
        "high": 1964.93994,
        "close": 1964.16003
    },
    "fuzzy_candle": {
        "lower_shadow_level_short": 0.8476850837674216,
        "lower_shadow_level_long": 0.0,
        "upper_shadow_level_short": 0.0,
        "upper_shadow_level_long": 0.48564189993626994,
        "body_level_small": 0.6379568161688485,
        "body_level_large": 0.0
    },
    "type": {
        "hammer": 0.0,
        "inverted_hammer": 0.48564189993626994,
        "long_bar": 0.0
    },
    "color": {
        "red": 0,
        "green": 1
    }
}