{
    "candle": {
        "time": "2023-06-23 22:35:00",
        "interval": "FIVE_MIN",
        "open": 1921.48999,
        "low": 1921.43005,
        "high": 1923.88,
        "close": 1921.87
    },
    "fuzzy_candle": {
        "lower_shadow_level_short": 0.9510683891507233,
        "lower_shadow_level_long": 0.0,
        "upper_shadow_level_short": 0.0,
        "upper_shadow_level_long": 0.6408498132615583,
        "body_level_small": 0.689781424110835,
        "body_level_large": 0.0
    },
    "type": {
        "hammer": 0.0,
        "inverted_hammer": 0.6408498132615583,
        "long_bar": 0.0
    },
    "color": {
        "red": 0,
        "green": 1
    }
}