{
    "candle": {
        "time": "2023-06-26 20:45:00",
        "interval": "FIVE_MIN",
        "open": 1932.76001,
        "low": 1932.31006,
        "high": 1933.09998,
        "close": 1932.65002
    },
    "fuzzy_candle": {
        "lower_shadow_level_short": 0.13925460806146006,
        "lower_shadow_level_long": 0.0,
        "upper_shadow_level_short": 0.13922928904187648,
        "upper_shadow_level_long": 0.0,
        "body_level_small": 0.7215161028966635,
        "body_level_large": 0.0
    },
    "type": {
        "hammer": 0.0,
        "inverted_hammer": 0.0,
        "long_bar": 0.0
    },
    "color": {
        "red": 1,
        "green": 0
    }
}