{
    "candle": {
        "time": "2023-06-26 20:50:00",
        "interval": "FIVE_MIN",
        "open": 1932.63,
        "low": 1932.39001,
        "high": 1932.73999,
        "close": 1932.67004
    },
    "fuzzy_candle": {
        "lower_shadow_level_short": 0.0,
        "lower_shadow_level_long": 0.3714497971316195,
        "upper_shadow_level_short": 0.6002628721637199,
        "upper_shadow_level_long": 0.0,
        "body_level_small": 0.7711869249678995,
        "body_level_large": 0.0
    },
    "type": {
        "hammer": 0.3714497971316195,
        "inverted_hammer": 0.0,
        "long_bar": 0.0
    },
    "color": {
        "red": 0,
        "green": 1
    }
}