{
    "candle": {
        "time": "2023-06-27 19:40:00",
        "interval": "FIVE_MIN",
        "open": 1924.37,
        "low": 1923.95996,
        "high": 1924.46997,
        "close": 1924.46997
    },
    "fuzzy_candle": {
        "lower_shadow_level_short": 0.0,
        "lower_shadow_level_long": 0.6079684712057634,
        "upper_shadow_level_short": 1.0,
        "upper_shadow_level_long": 0.0,
        "body_level_small": 0.6079684712057634,
        "body_level_large": 0.0
    },
    "type": {
        "hammer": 0.6079684712057634,
        "inverted_hammer": 0.0,
        "long_bar": 0.0
    },
    "color": {
        "red": 0,
        "green": 1
    }
}