{
    "candle": {
        "time": "2023-06-12 20:25:00",
        "interval": "FIVE_MIN",
        "open": 1966.08997,
        "low": 1965.38,
        "high": 1966.08997,
        "close": 1965.51001
    },
    "fuzzy_candle": {
        "lower_shadow_level_short": 0.6337591729231443,
        "lower_shadow_level_long": 0.0,
        "upper_shadow_level_short": 1.0,
        "upper_shadow_level_long": 0.0,
        "body_level_small": 0.0,
        "body_level_large": 0.6337591729231442
    },
    "type": {
        "hammer": 0.0,
        "inverted_hammer": 0.0,
        "long_bar": 0.6337591729231442
    },
    "color": {
        "red": 1,
        "green": 0
    }
}