{
    "candle": {
        "time": "2023-06-12 20:30:00",
        "interval": "FIVE_MIN",
        "open": 1965.45996,
        "low": 1965.43005,
        "high": 1965.93005,
        "close": 1965.76001
    },
    "fuzzy_candle": {
        "lower_shadow_level_short": 0.8803600000001097,
        "lower_shadow_level_long": 0.0,
        "upper_shadow_level_short": 0.3198400000001129,
        "upper_shadow_level_long": 0.0,
        "body_level_small": 0.0,
        "body_level_large": 0.20020000000022264
    },
    "type": {
        "hammer": 0.0,
        "inverted_hammer": 0.0,
        "long_bar": 0.20020000000022264
    },
    "color": {
        "red": 0,
        "green": 1
    }
}