{
    "candle": {
        "time": "2023-06-16 19:20:00",
        "interval": "FIVE_MIN",
        "open": 1964.03003,
        "low": 1963.40002,
        "high": 1964.15002,
        "close": 1964.03003
    },
    "fuzzy_candle": {
        "lower_shadow_level_short": 0.0,
        "lower_shadow_level_long": 0.680026666666284,
        "upper_shadow_level_short": 0.6800266666662841,
        "upper_shadow_level_long": 0.0,
        "body_level_small": 1.0,
        "body_level_large": 0.0
    },
    "type": {
        "hammer": 0.680026666666284,
        "inverted_hammer": 0.0,
        "long_bar": 0.0
    },
    "color": {
        "red": 0,
        "green": 1
    }
}