{
    "candle": {
        "time": "2023-06-26 21:00:00",
        "interval": "FIVE_MIN",
        "open": 1931.96997,
        "low": 1931.63,
        "high": 1932.10999,
        "close": 1932.06995
    },
    "fuzzy_candle": {
        "lower_shadow_level_short": 0.0,
        "lower_shadow_level_long": 0.4165711785667374,
        "upper_shadow_level_short": 0.8331631909003189,
        "upper_shadow_level_long": 0.0,
        "body_level_small": 0.5834079876664187,
        "body_level_large": 0.0
    },
    "type": {
        "hammer": 0.4165711785667374,
        "inverted_hammer": 0.0,
        "long_bar": 0.0
    },
    "color": {
        "red": 0,
        "green": 1
    }
}