{
    "hitmap": {
        "1912.3899900000001, 1912.58999": {
            "hit": false,
            "above": 1.0,
            "below": 0.0
        },
        "1918.030005, 1918.230005": {
            "hit": false,
            "above": 1.0,
            "below": 0.0
        },
        "1923.67002, 1923.8700199999998": {
            "hit": false,
            "above": 1.0,
            "below": 0.0
        },
        "1929.3100350000002, 1929.510035": {
            "hit": false,
            "above": 0.9333333333333333,
            "below": 0.06666666666666667
        },
        "1934.9500500000001, 1935.15005": {
            "hit": true,
            "above": 0.0,
            "below": 1.0
        }
    },
    "last_five_min": {
        "hammer": 0.0,
        "inverted_hammer": 0.0,
        "long_bar": 0.02012711153461466
    },
    "current_five_min": {
        "hammer": 0.0,
        "inverted_hammer": 0.0,
        "long_bar": 0.1923887681278087,
        "color": {
            "red": 1,
            "green": 0
        }
    },
    "current_bigger": 0.0015528766849592108,
    "signal": {
        "buy": 0.0,
        "sell": 0.0015528766849592108
    }
}