{
    "factors": {
        "day_map": {
            "buy": 0.0,
            "sell": 0.0015528766849592108
        }
    },
    "signal": {
        "buy": 0.0,
        "sell": 0.0015528766849592108
    }
}