{
    "candle": {
        "time": "2023-06-13 20:45:00",
        "interval": "FIVE_MIN",
        "open": 1964.76001,
        "low": 1964.70996,
        "high": 1965.05005,
        "close": 1965.01001
    },
    "fuzzy_candle": {
        "lower_shadow_level_short": 0.7056661471961292,
        "lower_shadow_level_long": 0.0,
        "upper_shadow_level_short": 0.7645329177566359,
        "upper_shadow_level_long": 0.0,
        "body_level_small": 0.0,
        "body_level_large": 0.470199064952765
    },
    "type": {
        "hammer": 0.0,
        "inverted_hammer": 0.0,
        "long_bar": 0.470199064952765
    },
    "color": {
        "red": 0,
        "green": 1
    }
}