{
    "candle": {
        "time": "2023-06-13 20:40:00",
        "interval": "FIVE_MIN",
        "open": 1964.82996,
        "low": 1964.54004,
        "high": 1965.12,
        "close": 1964.79004
    },
    "fuzzy_candle": {
        "lower_shadow_level_short": 0.1378715773498661,
        "lower_shadow_level_long": 0.0,
        "upper_shadow_level_short": 0.0,
        "upper_shadow_level_long": 0.0002069108213056392,
        "body_level_small": 0.8623353334714396,
        "body_level_large": 0.0
    },
    "type": {
        "hammer": 0.0,
        "inverted_hammer": 0.0002069108213056392,
        "long_bar": 0.0
    },
    "color": {
        "red": 1,
        "green": 0
    }
}