{
    "candle": {
        "time": "2023-06-14 20:25:00",
        "interval": "FIVE_MIN",
        "open": 1950.54004,
        "low": 1949.81006,
        "high": 1950.56006,
        "close": 1949.82996
    },
    "fuzzy_candle": {
        "lower_shadow_level_short": 0.9469333333333149,
        "lower_shadow_level_long": 0.0,
        "upper_shadow_level_short": 0.9466133333335165,
        "upper_shadow_level_long": 0.0,
        "body_level_small": 0.0,
        "body_level_large": 0.8935466666668315
    },
    "type": {
        "hammer": 0.0,
        "inverted_hammer": 0.0,
        "long_bar": 0.8935466666668315
    },
    "color": {
        "red": 1,
        "green": 0
    }
}