{
    "candle": {
        "time": "2023-06-24 00:00:00",
        "interval": "FIVE_MIN",
        "open": 1932.19995,
        "low": 1930.17004,
        "high": 1932.30005,
        "close": 1930.93005
    },
    "fuzzy_candle": {
        "lower_shadow_level_short": 0.28637893718814866,
        "lower_shadow_level_long": 0.0,
        "upper_shadow_level_short": 0.90600983093966,
        "upper_shadow_level_long": 0.0,
        "body_level_small": 0.0,
        "body_level_large": 0.1923887681278087
    },
    "type": {
        "hammer": 0.0,
        "inverted_hammer": 0.0,
        "long_bar": 0.1923887681278087
    },
    "color": {
        "red": 1,
        "green": 0
    }
}