{
    "candle": {
        "time": "2023-06-23 23:55:00",
        "interval": "FIVE_MIN",
        "open": 1934.59998,
        "low": 1932.31995,
        "high": 1936.79004,
        "close": 1932.31995
    },
    "fuzzy_candle": {
        "lower_shadow_level_short": 1.0,
        "lower_shadow_level_long": 0.0,
        "upper_shadow_level_short": 0.020127111534614772,
        "upper_shadow_level_long": 0.0,
        "body_level_small": 0.0,
        "body_level_large": 0.02012711153461466
    },
    "type": {
        "hammer": 0.0,
        "inverted_hammer": 0.0,
        "long_bar": 0.02012711153461466
    },
    "color": {
        "red": 1,
        "green": 0
    }
}