{
    "candle": {
        "time": "2023-06-26 21:35:00",
        "interval": "FIVE_MIN",
        "open": 1931.90002,
        "low": 1931.84998,
        "high": 1932.46997,
        "close": 1932.44995
    },
    "fuzzy_candle": {
        "lower_shadow_level_short": 0.8385780415810922,
        "lower_shadow_level_long": 0.0,
        "upper_shadow_level_short": 0.9354183131981031,
        "upper_shadow_level_long": 0.0,
        "body_level_small": 0.0,
        "body_level_large": 0.7739963547791953
    },
    "type": {
        "hammer": 0.0,
        "inverted_hammer": 0.0,
        "long_bar": 0.7739963547791953
    },
    "color": {
        "red": 0,
        "green": 1
    }
}