{
    "candle": {
        "time": "2023-06-27 19:55:00",
        "interval": "FIVE_MIN",
        "open": 1924.33997,
        "low": 1924.26001,
        "high": 1924.55005,
        "close": 1924.40002
    },
    "fuzzy_candle": {
        "lower_shadow_level_short": 0.4486277754792207,
        "lower_shadow_level_long": 0.0,
        "upper_shadow_level_short": 0.0,
        "upper_shadow_level_long": 0.034546959039916114,
        "body_level_small": 0.5859191835606956,
        "body_level_large": 0.0
    },
    "type": {
        "hammer": 0.0,
        "inverted_hammer": 0.034546959039916114,
        "long_bar": 0.0
    },
    "color": {
        "red": 0,
        "green": 1
    }
}