{
    "candle": {
        "time": "2023-06-13 00:25:00",
        "interval": "FIVE_MIN",
        "open": 1951.31006,
        "low": 1950.13,
        "high": 1952.05005,
        "close": 1950.51001
    },
    "fuzzy_candle": {
        "lower_shadow_level_short": 0.6041665581626863,
        "lower_shadow_level_long": 0.0,
        "upper_shadow_level_short": 0.22919715632399684,
        "upper_shadow_level_long": 0.0,
        "body_level_small": 0.16663628551331688,
        "body_level_large": 0.0
    },
    "type": {
        "hammer": 0.0,
        "inverted_hammer": 0.0,
        "long_bar": 0.0
    },
    "color": {
        "red": 1,
        "green": 0
    }
}