{
    "candle": {
        "time": "2023-06-13 00:30:00",
        "interval": "FIVE_MIN",
        "open": 1950.33997,
        "low": 1950.23999,
        "high": 1951.53003,
        "close": 1951.12
    },
    "fuzzy_candle": {
        "lower_shadow_level_short": 0.84499705435495,
        "lower_shadow_level_long": 0.0,
        "upper_shadow_level_short": 0.3643142848283002,
        "upper_shadow_level_long": 0.0,
        "body_level_small": 0.0,
        "body_level_large": 0.20931133918325018
    },
    "type": {
        "hammer": 0.0,
        "inverted_hammer": 0.0,
        "long_bar": 0.20931133918325018
    },
    "color": {
        "red": 0,
        "green": 1
    }
}