{
    "candle": {
        "time": "2023-06-27 00:50:00",
        "interval": "FIVE_MIN",
        "open": 1923.93005,
        "low": 1923.48999,
        "high": 1924.38,
        "close": 1923.81006
    },
    "fuzzy_candle": {
        "lower_shadow_level_short": 0.28074965449835376,
        "lower_shadow_level_long": 0.0,
        "upper_shadow_level_short": 0.0,
        "upper_shadow_level_long": 0.011112234694293122,
        "body_level_small": 0.7303625801959394,
        "body_level_large": 0.0
    },
    "type": {
        "hammer": 0.0,
        "inverted_hammer": 0.011112234694293122,
        "long_bar": 0.0
    },
    "color": {
        "red": 1,
        "green": 0
    }
}