{
    "candle": {
        "time": "2023-06-27 00:55:00",
        "interval": "FIVE_MIN",
        "open": 1923.66003,
        "low": 1922.79004,
        "high": 1923.70996,
        "close": 1923.12
    },
    "fuzzy_candle": {
        "lower_shadow_level_short": 0.28263327245876724,
        "lower_shadow_level_long": 0.0,
        "upper_shadow_level_short": 0.8914470823551751,
        "upper_shadow_level_long": 0.0,
        "body_level_small": 0.0,
        "body_level_large": 0.17408035481394224
    },
    "type": {
        "hammer": 0.0,
        "inverted_hammer": 0.0,
        "long_bar": 0.17408035481394224
    },
    "color": {
        "red": 1,
        "green": 0
    }
}