{
    "candle": {
        "time": "2023-06-15 21:20:00",
        "interval": "FIVE_MIN",
        "open": 1932.55005,
        "low": 1932.04004,
        "high": 1932.68005,
        "close": 1932.04004
    },
    "fuzzy_candle": {
        "lower_shadow_level_short": 1.0,
        "lower_shadow_level_long": 0.0,
        "upper_shadow_level_short": 0.593756347557342,
        "upper_shadow_level_long": 0.0,
        "body_level_small": 0.0,
        "body_level_large": 0.593756347557342
    },
    "type": {
        "hammer": 0.0,
        "inverted_hammer": 0.0,
        "long_bar": 0.593756347557342
    },
    "color": {
        "red": 1,
        "green": 0
    }
}