{
    "candle": {
        "time": "2023-06-15 20:40:00",
        "interval": "FIVE_MIN",
        "open": 1934.93005,
        "low": 1934.85999,
        "high": 1935.20996,
        "close": 1935.17004
    },
    "fuzzy_candle": {
        "lower_shadow_level_short": 0.5996228248134682,
        "lower_shadow_level_long": 0.0,
        "upper_shadow_level_short": 0.7718661599569109,
        "upper_shadow_level_long": 0.0,
        "body_level_small": 0.0,
        "body_level_large": 0.37148898477037906
    },
    "type": {
        "hammer": 0.0,
        "inverted_hammer": 0.0,
        "long_bar": 0.37148898477037906
    },
    "color": {
        "red": 0,
        "green": 1
    }
}