{
    "candle": {
        "time": "2023-06-13 19:15:00",
        "interval": "FIVE_MIN",
        "open": 1963.46997,
        "low": 1963.30005,
        "high": 1963.56006,
        "close": 1963.39001
    },
    "fuzzy_candle": {
        "lower_shadow_level_short": 0.3080266143607475,
        "lower_shadow_level_long": 0.0,
        "upper_shadow_level_short": 0.30702665282158237,
        "upper_shadow_level_long": 0.0,
        "body_level_small": 0.3849467328176701,
        "body_level_large": 0.0
    },
    "type": {
        "hammer": 0.0,
        "inverted_hammer": 0.0,
        "long_bar": 0.0
    },
    "color": {
        "red": 1,
        "green": 0
    }
}