{
    "candle": {
        "time": "2023-06-13 19:10:00",
        "interval": "FIVE_MIN",
        "open": 1963.57996,
        "low": 1962.76001,
        "high": 1963.57996,
        "close": 1963.46997
    },
    "fuzzy_candle": {
        "lower_shadow_level_short": 0.0,
        "lower_shadow_level_long": 0.7317153484970624,
        "upper_shadow_level_short": 1.0,
        "upper_shadow_level_long": 0.0,
        "body_level_small": 0.7317153484970625,
        "body_level_large": 0.0
    },
    "type": {
        "hammer": 0.7317153484970624,
        "inverted_hammer": 0.0,
        "long_bar": 0.0
    },
    "color": {
        "red": 1,
        "green": 0
    }
}