{
    "hitmap": {
        "1912.3899900000001, 1912.58999": {
            "hit": false,
            "above": 1.0,
            "below": 0.0
        },
        "1918.030005, 1918.230005": {
            "hit": false,
            "above": 0.3111111111111111,
            "below": 0.6888888888888889
        },
        "1923.67002, 1923.8700199999998": {
            "hit": false,
            "above": 0.0,
            "below": 1.0
        },
        "1929.3100350000002, 1929.510035": {
            "hit": false,
            "above": 0.0,
            "below": 1.0
        },
        "1934.9500500000001, 1935.15005": {
            "hit": false,
            "above": 0.0,
            "below": 1.0
        }
    },
    "last_five_min": {
        "hammer": 0.2256198524823969,
        "inverted_hammer": 0.0,
        "long_bar": 0.0
    },
    "current_five_min": {
        "hammer": 0.555617280521016,
        "inverted_hammer": 0.0,
        "long_bar": 0.0,
        "color": {
            "red": 0,
            "green": 1
        }
    },
    "current_bigger": 0.0007941997067196613,
    "signal": {
        "buy": 0,
        "sell": 0
    }
}