{
    "candle": {
        "time": "2023-06-15 20:15:00",
        "interval": "FIVE_MIN",
        "open": 1935.08997,
        "low": 1934.92004,
        "high": 1935.71997,
        "close": 1934.92004
    },
    "fuzzy_candle": {
        "lower_shadow_level_short": 1.0,
        "lower_shadow_level_long": 0.0,
        "upper_shadow_level_short": 0.0,
        "upper_shadow_level_long": 0.5751378245596634,
        "body_level_small": 0.5751378245596634,
        "body_level_large": 0.0
    },
    "type": {
        "hammer": 0.0,
        "inverted_hammer": 0.5751378245596634,
        "long_bar": 0.0
    },
    "color": {
        "red": 1,
        "green": 0
    }
}