{
    "candle": {
        "time": "2023-06-24 00:15:00",
        "interval": "FIVE_MIN",
        "open": 1930.09998,
        "low": 1928.48999,
        "high": 1930.32996,
        "close": 1928.64001
    },
    "fuzzy_candle": {
        "lower_shadow_level_short": 0.8369321238932799,
        "lower_shadow_level_long": 0.0,
        "upper_shadow_level_short": 0.7500176633313919,
        "upper_shadow_level_long": 0.0,
        "body_level_small": 0.0,
        "body_level_large": 0.5869497872246716
    },
    "type": {
        "hammer": 0.0,
        "inverted_hammer": 0.0,
        "long_bar": 0.5869497872246716
    },
    "color": {
        "red": 1,
        "green": 0
    }
}