{
    "candle": {
        "time": "2023-06-24 00:10:00",
        "interval": "FIVE_MIN",
        "open": 1931.98999,
        "low": 1930.31006,
        "high": 1933.08997,
        "close": 1930.55005
    },
    "fuzzy_candle": {
        "lower_shadow_level_short": 0.8273397340201397,
        "lower_shadow_level_long": 0.0,
        "upper_shadow_level_short": 0.20862186185885845,
        "upper_shadow_level_long": 0.0,
        "body_level_small": 0.0,
        "body_level_large": 0.035961595878998054
    },
    "type": {
        "hammer": 0.0,
        "inverted_hammer": 0.0,
        "long_bar": 0.035961595878998054
    },
    "color": {
        "red": 1,
        "green": 0
    }
}