{
    "factors": {
        "day_map": {
            "buy": 0.0002506420699582258,
            "sell": 0.0
        }
    },
    "signal": {
        "buy": 0.0002506420699582258,
        "sell": 0.0
    }
}