{
    "candle": {
        "time": "2023-06-15 19:50:00",
        "interval": "FIVE_MIN",
        "open": 1934.05005,
        "low": 1932.92004,
        "high": 1934.31995,
        "close": 1934.31995
    },
    "fuzzy_candle": {
        "lower_shadow_level_short": 0.0,
        "lower_shadow_level_long": 0.6144037831003573,
        "upper_shadow_level_short": 1.0,
        "upper_shadow_level_long": 0.0,
        "body_level_small": 0.6144037831003574,
        "body_level_large": 0.0
    },
    "type": {
        "hammer": 0.6144037831003573,
        "inverted_hammer": 0.0,
        "long_bar": 0.0
    },
    "color": {
        "red": 0,
        "green": 1
    }
}