{
    "candle": {
        "time": "2023-06-15 19:30:00",
        "interval": "FIVE_MIN",
        "open": 1934.60999,
        "low": 1934.48999,
        "high": 1935.88,
        "close": 1934.55005
    },
    "fuzzy_candle": {
        "lower_shadow_level_short": 0.9135833555154019,
        "lower_shadow_level_long": 0.0,
        "upper_shadow_level_short": 0.0,
        "upper_shadow_level_long": 0.8273393716593631,
        "body_level_small": 0.9137560161439611,
        "body_level_large": 0.0
    },
    "type": {
        "hammer": 0.0,
        "inverted_hammer": 0.8273393716593631,
        "long_bar": 0.0
    },
    "color": {
        "red": 1,
        "green": 0
    }
}