{
    "candle": {
        "time": "2023-06-15 19:35:00",
        "interval": "FIVE_MIN",
        "open": 1934.56995,
        "low": 1934.53003,
        "high": 1934.87,
        "close": 1934.85999
    },
    "fuzzy_candle": {
        "lower_shadow_level_short": 0.7651557490357013,
        "lower_shadow_level_long": 0.0,
        "upper_shadow_level_short": 0.9411124510988274,
        "upper_shadow_level_long": 0.0,
        "body_level_small": 0.0,
        "body_level_large": 0.7062682001345286
    },
    "type": {
        "hammer": 0.0,
        "inverted_hammer": 0.0,
        "long_bar": 0.7062682001345286
    },
    "color": {
        "red": 0,
        "green": 1
    }
}