{
    "candle": {
        "time": "2023-06-15 19:05:00",
        "interval": "FIVE_MIN",
        "open": 1931.45996,
        "low": 1931.40002,
        "high": 1932.04004,
        "close": 1931.68994
    },
    "fuzzy_candle": {
        "lower_shadow_level_short": 0.8126933533331305,
        "lower_shadow_level_long": 0.0,
        "upper_shadow_level_short": 0.0,
        "upper_shadow_level_long": 0.09402831161552516,
        "body_level_small": 0.28133495828239463,
        "body_level_large": 0.0
    },
    "type": {
        "hammer": 0.0,
        "inverted_hammer": 0.09402831161552516,
        "long_bar": 0.0
    },
    "color": {
        "red": 0,
        "green": 1
    }
}