{
    "candle": {
        "time": "2023-06-12 23:30:00",
        "interval": "FIVE_MIN",
        "open": 1957.38,
        "low": 1956.12,
        "high": 1958.35999,
        "close": 1958.31995
    },
    "fuzzy_candle": {
        "lower_shadow_level_short": 0.0,
        "lower_shadow_level_long": 0.12500502234402733,
        "upper_shadow_level_short": 0.9642498404011964,
        "upper_shadow_level_long": 0.0,
        "body_level_small": 0.160755181942831,
        "body_level_large": 0.0
    },
    "type": {
        "hammer": 0.12500502234402733,
        "inverted_hammer": 0.0,
        "long_bar": 0.0
    },
    "color": {
        "red": 0,
        "green": 1
    }
}