{
    "candle": {
        "time": "2023-06-13 20:25:00",
        "interval": "FIVE_MIN",
        "open": 1963.05005,
        "low": 1963.01001,
        "high": 1963.57996,
        "close": 1963.43994
    },
    "fuzzy_candle": {
        "lower_shadow_level_short": 0.859496447056459,
        "lower_shadow_level_long": 0.0,
        "upper_shadow_level_short": 0.5086586542677983,
        "upper_shadow_level_long": 0.0,
        "body_level_small": 0.0,
        "body_level_large": 0.3681551013242572
    },
    "type": {
        "hammer": 0.0,
        "inverted_hammer": 0.0,
        "long_bar": 0.3681551013242572
    },
    "color": {
        "red": 0,
        "green": 1
    }
}