{
    "candle": {
        "time": "2023-06-26 23:45:00",
        "interval": "FIVE_MIN",
        "open": 1925.03003,
        "low": 1921.62,
        "high": 1925.05005,
        "close": 1922.28003
    },
    "fuzzy_candle": {
        "lower_shadow_level_short": 0.6151484672235248,
        "lower_shadow_level_long": 0.0,
        "upper_shadow_level_short": 0.9883267007768647,
        "upper_shadow_level_long": 0.0,
        "body_level_small": 0.0,
        "body_level_large": 0.6034751680003894
    },
    "type": {
        "hammer": 0.0,
        "inverted_hammer": 0.0,
        "long_bar": 0.6034751680003894
    },
    "color": {
        "red": 1,
        "green": 0
    }
}