{
    "candle": {
        "time": "2023-06-26 23:50:00",
        "interval": "FIVE_MIN",
        "open": 1922.43005,
        "low": 1921.90002,
        "high": 1923.05005,
        "close": 1922.55005
    },
    "fuzzy_candle": {
        "lower_shadow_level_short": 0.07823274175475425,
        "lower_shadow_level_long": 0.0,
        "upper_shadow_level_short": 0.13045746632697686,
        "upper_shadow_level_long": 0.0,
        "body_level_small": 0.7913097919182689,
        "body_level_large": 0.0
    },
    "type": {
        "hammer": 0.0,
        "inverted_hammer": 0.0,
        "long_bar": 0.0
    },
    "color": {
        "red": 0,
        "green": 1
    }
}