{
    "factors": {
        "day_map": {
            "buy": 0.0,
            "sell": 0.049239876458189266
        }
    },
    "signal": {
        "buy": 0.0,
        "sell": 0.049239876458189266
    }
}