{
    "candle": {
        "time": "2023-06-14 20:00:00",
        "interval": "FIVE_MIN",
        "open": 1951.35999,
        "low": 1950.37,
        "high": 1951.46997,
        "close": 1950.54004
    },
    "fuzzy_candle": {
        "lower_shadow_level_short": 0.6908279316705613,
        "lower_shadow_level_long": 0.0,
        "upper_shadow_level_short": 0.8000309099336226,
        "upper_shadow_level_long": 0.0,
        "body_level_small": 0.0,
        "body_level_large": 0.4908588416041839
    },
    "type": {
        "hammer": 0.0,
        "inverted_hammer": 0.0,
        "long_bar": 0.4908588416041839
    },
    "color": {
        "red": 1,
        "green": 0
    }
}