{
    "factors": {
        "day_map": {
            "buy": 0.0,
            "sell": 0.41058402307163
        }
    },
    "signal": {
        "buy": 0.0,
        "sell": 0.41058402307163
    }
}