{
    "candle": {
        "time": "2023-06-26 19:55:00",
        "interval": "FIVE_MIN",
        "open": 1930.10999,
        "low": 1929.46997,
        "high": 1930.42004,
        "close": 1929.92004
    },
    "fuzzy_candle": {
        "lower_shadow_level_short": 0.05255402233534179,
        "lower_shadow_level_long": 0.0,
        "upper_shadow_level_short": 0.34731125074975655,
        "upper_shadow_level_long": 0.0,
        "body_level_small": 0.6001347269149017,
        "body_level_large": 0.0
    },
    "type": {
        "hammer": 0.0,
        "inverted_hammer": 0.0,
        "long_bar": 0.0
    },
    "color": {
        "red": 1,
        "green": 0
    }
}