{
    "candle": {
        "time": "2023-06-26 20:00:00",
        "interval": "FIVE_MIN",
        "open": 1929.94995,
        "low": 1929.56995,
        "high": 1930.10999,
        "close": 1929.91003
    },
    "fuzzy_candle": {
        "lower_shadow_level_short": 0.0,
        "lower_shadow_level_long": 0.25946226205477396,
        "upper_shadow_level_short": 0.4073031627286069,
        "upper_shadow_level_long": 0.0,
        "body_level_small": 0.8521590993261671,
        "body_level_large": 0.0
    },
    "type": {
        "hammer": 0.25946226205477396,
        "inverted_hammer": 0.0,
        "long_bar": 0.0
    },
    "color": {
        "red": 1,
        "green": 0
    }
}