{
    "candle": {
        "time": "2023-06-14 00:15:00",
        "interval": "FIVE_MIN",
        "open": 1951.95996,
        "low": 1951.66003,
        "high": 1953.96997,
        "close": 1953.93005
    },
    "fuzzy_candle": {
        "lower_shadow_level_short": 0.7403136012191734,
        "lower_shadow_level_long": 0.0,
        "upper_shadow_level_short": 0.9654363316794689,
        "upper_shadow_level_long": 0.0,
        "body_level_small": 0.0,
        "body_level_large": 0.7057499328986423
    },
    "type": {
        "hammer": 0.0,
        "inverted_hammer": 0.0,
        "long_bar": 0.7057499328986423
    },
    "color": {
        "red": 0,
        "green": 1
    }
}