{
    "candle": {
        "time": "2023-06-14 00:20:00",
        "interval": "FIVE_MIN",
        "open": 1953.93005,
        "low": 1953.53003,
        "high": 1955.08997,
        "close": 1954.62
    },
    "fuzzy_candle": {
        "lower_shadow_level_short": 0.4871341205430778,
        "lower_shadow_level_long": 0.0,
        "upper_shadow_level_short": 0.3974511840198035,
        "upper_shadow_level_long": 0.0,
        "body_level_small": 0.11541469543711869,
        "body_level_large": 0.0
    },
    "type": {
        "hammer": 0.0,
        "inverted_hammer": 0.0,
        "long_bar": 0.0
    },
    "color": {
        "red": 0,
        "green": 1
    }
}