{
    "candle": {
        "time": "2023-06-13 21:45:00",
        "interval": "FIVE_MIN",
        "open": 1964.95996,
        "low": 1963.92004,
        "high": 1964.95996,
        "close": 1964.29004
    },
    "fuzzy_candle": {
        "lower_shadow_level_short": 0.2884068005228475,
        "lower_shadow_level_long": 0.0,
        "upper_shadow_level_short": 1.0,
        "upper_shadow_level_long": 0.0,
        "body_level_small": 0.0,
        "body_level_large": 0.2884068005228475
    },
    "type": {
        "hammer": 0.0,
        "inverted_hammer": 0.0,
        "long_bar": 0.2884068005228475
    },
    "color": {
        "red": 1,
        "green": 0
    }
}