{
    "candle": {
        "time": "2023-06-13 19:45:00",
        "interval": "FIVE_MIN",
        "open": 1962.93994,
        "low": 1962.91003,
        "high": 1963.17004,
        "close": 1963.06995
    },
    "fuzzy_candle": {
        "lower_shadow_level_short": 0.7699319256953462,
        "lower_shadow_level_long": 0.0,
        "upper_shadow_level_short": 0.23010653436465967,
        "upper_shadow_level_long": 0.0,
        "body_level_small": 0.0,
        "body_level_large": 3.846006000585156e-05
    },
    "type": {
        "hammer": 0.0,
        "inverted_hammer": 0.0,
        "long_bar": 3.846006000585156e-05
    },
    "color": {
        "red": 0,
        "green": 1
    }
}