{
    "candle": {
        "time": "2023-06-13 19:40:00",
        "interval": "FIVE_MIN",
        "open": 1963.20996,
        "low": 1962.76001,
        "high": 1963.53003,
        "close": 1962.85999
    },
    "fuzzy_candle": {
        "lower_shadow_level_short": 0.740318433287529,
        "lower_shadow_level_long": 0.0,
        "upper_shadow_level_short": 0.1686709436118139,
        "upper_shadow_level_long": 0.0,
        "body_level_small": 0.0910106231006571,
        "body_level_large": 0.0
    },
    "type": {
        "hammer": 0.0,
        "inverted_hammer": 0.0,
        "long_bar": 0.0
    },
    "color": {
        "red": 1,
        "green": 0
    }
}