{
    "candle": {
        "time": "2023-06-26 20:15:00",
        "interval": "FIVE_MIN",
        "open": 1931.54004,
        "low": 1930.87,
        "high": 1931.67004,
        "close": 1931.38
    },
    "fuzzy_candle": {
        "lower_shadow_level_short": 0.0,
        "lower_shadow_level_long": 0.2749362531877573,
        "upper_shadow_level_short": 0.6750162491878691,
        "upper_shadow_level_long": 0.0,
        "body_level_small": 0.5999200039998883,
        "body_level_large": 0.0
    },
    "type": {
        "hammer": 0.2749362531877573,
        "inverted_hammer": 0.0,
        "long_bar": 0.0
    },
    "color": {
        "red": 1,
        "green": 0
    }
}