{
    "candle": {
        "time": "2023-06-26 20:20:00",
        "interval": "FIVE_MIN",
        "open": 1931.39001,
        "low": 1931.32996,
        "high": 1931.54004,
        "close": 1931.48999
    },
    "fuzzy_candle": {
        "lower_shadow_level_short": 0.4283130236097781,
        "lower_shadow_level_long": 0.0,
        "upper_shadow_level_short": 0.5235148514847587,
        "upper_shadow_level_long": 0.0,
        "body_level_small": 0.04817212490546319,
        "body_level_large": 0.0
    },
    "type": {
        "hammer": 0.0,
        "inverted_hammer": 0.0,
        "long_bar": 0.0
    },
    "color": {
        "red": 0,
        "green": 1
    }
}