{
    "candle": {
        "time": "2023-06-12 22:50:00",
        "interval": "FIVE_MIN",
        "open": 1963.71997,
        "low": 1962.32996,
        "high": 1963.83997,
        "close": 1963.07996
    },
    "fuzzy_candle": {
        "lower_shadow_level_short": 0.00662909517153254,
        "lower_shadow_level_long": 0.0,
        "upper_shadow_level_short": 0.8410606552275898,
        "upper_shadow_level_long": 0.0,
        "body_level_small": 0.1523102496008777,
        "body_level_large": 0.0
    },
    "type": {
        "hammer": 0.0,
        "inverted_hammer": 0.0,
        "long_bar": 0.0
    },
    "color": {
        "red": 1,
        "green": 0
    }
}