{
    "hitmap": {
        "1949.23997, 1949.43997": {
            "hit": false,
            "above": 1.0,
            "below": 0.0
        },
        "1953.6699925, 1953.8699924999999": {
            "hit": false,
            "above": 0.5555555555555556,
            "below": 0.4444444444444444
        },
        "1958.100015, 1958.3000149999998": {
            "hit": false,
            "above": 0.1111111111111111,
            "below": 0.8888888888888888
        },
        "1962.5300375000002, 1962.7300375": {
            "hit": false,
            "above": 0.0,
            "below": 1.0
        },
        "1966.96006, 1967.16006": {
            "hit": false,
            "above": 0.0,
            "below": 1.0
        }
    },
    "last_five_min": {
        "hammer": 0.0,
        "inverted_hammer": 0.0,
        "long_bar": 0.9039199999999254
    },
    "current_five_min": {
        "hammer": 0.0,
        "inverted_hammer": 0.0,
        "long_bar": 0.04899506272991361,
        "color": {
            "red": 0,
            "green": 1
        }
    },
    "current_bigger": 0.007169917434554553,
    "signal": {
        "buy": 0,
        "sell": 0
    }
}