{
    "hitmap": {
        "1910.21006, 1910.41006": {
            "hit": false,
            "above": 1.0,
            "below": 0.0
        },
        "1916.89756, 1917.09756": {
            "hit": false,
            "above": 1.0,
            "below": 0.0
        },
        "1923.58506, 1923.78506": {
            "hit": true,
            "above": 0.8888888888888888,
            "below": 0.1111111111111111
        }
    },
    "last_five_min": {
        "hammer": 0.0,
        "inverted_hammer": 0.0,
        "long_bar": 0.6034751680003894
    },
    "current_five_min": {
        "hammer": 0.0,
        "inverted_hammer": 0.0,
        "long_bar": 0.0,
        "color": {
            "red": 0,
            "green": 1
        }
    },
    "current_bigger": 5.769042280400276e-08,
    "signal": {
        "buy": 0.0,
        "sell": 0.0
    }
}