{
    "factors": {
        "day_map": {
            "buy": 0.11420286542816549,
            "sell": 0.0
        }
    },
    "signal": {
        "buy": 0.11420286542816549,
        "sell": 0.0
    }
}