{
    "candle": {
        "time": "2023-06-12 20:15:00",
        "interval": "FIVE_MIN",
        "open": 1965.94995,
        "low": 1965.92004,
        "high": 1967.06006,
        "close": 1966.37
    },
    "fuzzy_candle": {
        "lower_shadow_level_short": 0.9475272363643247,
        "lower_shadow_level_long": 0.0,
        "upper_shadow_level_short": 0.0,
        "upper_shadow_level_long": 0.21061034016964686,
        "body_level_small": 0.2630831038053223,
        "body_level_large": 0.0
    },
    "type": {
        "hammer": 0.0,
        "inverted_hammer": 0.21061034016964686,
        "long_bar": 0.0
    },
    "color": {
        "red": 0,
        "green": 1
    }
}