{
    "candle": {
        "time": "2023-06-26 21:10:00",
        "interval": "FIVE_MIN",
        "open": 1932.01001,
        "low": 1931.87,
        "high": 1932.59998,
        "close": 1932.42004
    },
    "fuzzy_candle": {
        "lower_shadow_level_short": 0.61640044932721,
        "lower_shadow_level_long": 0.0,
        "upper_shadow_level_short": 0.5070001917861562,
        "upper_shadow_level_long": 0.0,
        "body_level_small": 0.0,
        "body_level_large": 0.12340064111336613
    },
    "type": {
        "hammer": 0.0,
        "inverted_hammer": 0.0,
        "long_bar": 0.12340064111336613
    },
    "color": {
        "red": 0,
        "green": 1
    }
}