{
    "candle": {
        "time": "2023-06-22",
        "interval": "ONE_DAY",
        "open": 1932.80005,
        "low": 1912.48999,
        "high": 1935.05005,
        "close": 1913.80005
    },
    "fuzzy_candle": {
        "lower_shadow_level_short": 0.8838602379603583,
        "lower_shadow_level_long": 0.0,
        "upper_shadow_level_short": 0.8005324453924327,
        "upper_shadow_level_long": 0.0,
        "body_level_small": 0.0,
        "body_level_large": 0.6843926833527909
    },
    "type": {
        "hammer": 0.0,
        "inverted_hammer": 0.0,
        "long_bar": 0.6843926833527909
    },
    "color": {
        "red": 1,
        "green": 0
    }
}