{
    "candle": {
        "time": "2023-06-24 00:55:00",
        "interval": "FIVE_MIN",
        "open": 1926.26001,
        "low": 1925.56995,
        "high": 1927.43994,
        "close": 1927.06995
    },
    "fuzzy_candle": {
        "lower_shadow_level_short": 0.26196396772182307,
        "lower_shadow_level_long": 0.0,
        "upper_shadow_level_short": 0.6042866539393978,
        "upper_shadow_level_long": 0.0,
        "body_level_small": 0.1337493783387791,
        "body_level_large": 0.0
    },
    "type": {
        "hammer": 0.0,
        "inverted_hammer": 0.0,
        "long_bar": 0.0
    },
    "color": {
        "red": 0,
        "green": 1
    }
}