{
    "candle": {
        "time": "2023-06-24 01:00:00",
        "interval": "FIVE_MIN",
        "open": 1927.04004,
        "low": 1925.37,
        "high": 1927.76001,
        "close": 1925.46997
    },
    "fuzzy_candle": {
        "lower_shadow_level_short": 0.9163434462615562,
        "lower_shadow_level_long": 0.0,
        "upper_shadow_level_short": 0.3975171652002685,
        "upper_shadow_level_long": 0.0,
        "body_level_small": 0.0,
        "body_level_large": 0.31386061146182476
    },
    "type": {
        "hammer": 0.0,
        "inverted_hammer": 0.0,
        "long_bar": 0.31386061146182476
    },
    "color": {
        "red": 1,
        "green": 0
    }
}