{
    "candle": {
        "time": "2023-06-27 20:35:00",
        "interval": "FIVE_MIN",
        "open": 1923.89001,
        "low": 1923.81995,
        "high": 1924.42004,
        "close": 1924.35999
    },
    "fuzzy_candle": {
        "lower_shadow_level_short": 0.7665016914128787,
        "lower_shadow_level_long": 0.0,
        "upper_shadow_level_short": 0.7998633538300733,
        "upper_shadow_level_long": 0.0,
        "body_level_small": 0.0,
        "body_level_large": 0.5663650452429521
    },
    "type": {
        "hammer": 0.0,
        "inverted_hammer": 0.0,
        "long_bar": 0.5663650452429521
    },
    "color": {
        "red": 0,
        "green": 1
    }
}