{
    "candle": {
        "time": "2023-06-27 20:40:00",
        "interval": "FIVE_MIN",
        "open": 1924.35999,
        "low": 1923.28003,
        "high": 1924.35999,
        "close": 1923.56006
    },
    "fuzzy_candle": {
        "lower_shadow_level_short": 0.481406718767145,
        "lower_shadow_level_long": 0.0,
        "upper_shadow_level_short": 1.0,
        "upper_shadow_level_long": 0.0,
        "body_level_small": 0.0,
        "body_level_large": 0.48140671876714514
    },
    "type": {
        "hammer": 0.0,
        "inverted_hammer": 0.0,
        "long_bar": 0.48140671876714514
    },
    "color": {
        "red": 1,
        "green": 0
    }
}