{
    "candle": {
        "time": "2023-06-12 20:00:00",
        "interval": "FIVE_MIN",
        "open": 1965.26001,
        "low": 1965.08997,
        "high": 1965.73999,
        "close": 1965.10999
    },
    "fuzzy_candle": {
        "lower_shadow_level_short": 0.9384018953265129,
        "lower_shadow_level_long": 0.0,
        "upper_shadow_level_short": 0.0,
        "upper_shadow_level_long": 0.47681609796633584,
        "body_level_small": 0.5384142026398231,
        "body_level_large": 0.0
    },
    "type": {
        "hammer": 0.0,
        "inverted_hammer": 0.47681609796633584,
        "long_bar": 0.0
    },
    "color": {
        "red": 1,
        "green": 0
    }
}