{
    "candle": {
        "time": "2023-06-12 20:05:00",
        "interval": "FIVE_MIN",
        "open": 1965.12,
        "low": 1965.09998,
        "high": 1966.07996,
        "close": 1965.92004
    },
    "fuzzy_candle": {
        "lower_shadow_level_short": 0.9591420233067411,
        "lower_shadow_level_long": 0.0,
        "upper_shadow_level_short": 0.6736259923670989,
        "upper_shadow_level_long": 0.0,
        "body_level_small": 0.0,
        "body_level_large": 0.63276801567384
    },
    "type": {
        "hammer": 0.0,
        "inverted_hammer": 0.0,
        "long_bar": 0.63276801567384
    },
    "color": {
        "red": 0,
        "green": 1
    }
}