{
    "candle": {
        "time": "2023-06-13 20:45:00",
        "interval": "FIVE_MIN",
        "open": 1964.76001,
        "low": 1964.70996,
        "high": 1965.57996,
        "close": 1965.15002
    },
    "fuzzy_candle": {
        "lower_shadow_level_short": 0.8849425287355199,
        "lower_shadow_level_long": 0.0,
        "upper_shadow_level_short": 0.011632183908208416,
        "upper_shadow_level_long": 0.0,
        "body_level_small": 0.10342528735627177,
        "body_level_large": 0.0
    },
    "type": {
        "hammer": 0.0,
        "inverted_hammer": 0.0,
        "long_bar": 0.0
    },
    "color": {
        "red": 0,
        "green": 1
    }
}