{
    "candle": {
        "time": "2023-06-26 23:15:00",
        "interval": "FIVE_MIN",
        "open": 1930.07996,
        "low": 1928.88,
        "high": 1930.17004,
        "close": 1929.21997
    },
    "fuzzy_candle": {
        "lower_shadow_level_short": 0.4729310719047005,
        "lower_shadow_level_long": 0.0,
        "upper_shadow_level_short": 0.8603454156460992,
        "upper_shadow_level_long": 0.0,
        "body_level_small": 0.0,
        "body_level_large": 0.33327648755079964
    },
    "type": {
        "hammer": 0.0,
        "inverted_hammer": 0.0,
        "long_bar": 0.33327648755079964
    },
    "color": {
        "red": 1,
        "green": 0
    }
}