{
    "candle": {
        "time": "2023-06-26 23:10:00",
        "interval": "FIVE_MIN",
        "open": 1930.68005,
        "low": 1929.93005,
        "high": 1931.09998,
        "close": 1930.08997
    },
    "fuzzy_candle": {
        "lower_shadow_level_short": 0.726616122332014,
        "lower_shadow_level_long": 0.0,
        "upper_shadow_level_short": 0.2821279905635138,
        "upper_shadow_level_long": 0.0,
        "body_level_small": 0.0,
        "body_level_large": 0.008744112895527678
    },
    "type": {
        "hammer": 0.0,
        "inverted_hammer": 0.0,
        "long_bar": 0.008744112895527678
    },
    "color": {
        "red": 1,
        "green": 0
    }
}