{
    "candle": {
        "time": "2023-06-13 19:20:00",
        "interval": "FIVE_MIN",
        "open": 1963.01001,
        "low": 1962.94995,
        "high": 1963.48999,
        "close": 1963.41003
    },
    "fuzzy_candle": {
        "lower_shadow_level_short": 0.7775720317013136,
        "lower_shadow_level_long": 0.0,
        "upper_shadow_level_short": 0.7038737871268244,
        "upper_shadow_level_long": 0.0,
        "body_level_small": 0.0,
        "body_level_large": 0.48144581882813786
    },
    "type": {
        "hammer": 0.0,
        "inverted_hammer": 0.0,
        "long_bar": 0.48144581882813786
    },
    "color": {
        "red": 0,
        "green": 1
    }
}