{
    "candle": {
        "time": "2023-06-26 22:25:00",
        "interval": "FIVE_MIN",
        "open": 1930.78003,
        "low": 1929.85999,
        "high": 1931.73999,
        "close": 1931.07996
    },
    "fuzzy_candle": {
        "lower_shadow_level_short": 0.02123404255327832,
        "lower_shadow_level_long": 0.0,
        "upper_shadow_level_short": 0.2978404255319491,
        "upper_shadow_level_long": 0.0,
        "body_level_small": 0.6809255319147726,
        "body_level_large": 0.0
    },
    "type": {
        "hammer": 0.0,
        "inverted_hammer": 0.0,
        "long_bar": 0.0
    },
    "color": {
        "red": 0,
        "green": 1
    }
}