{
    "candle": {
        "time": "2023-06-26 22:30:00",
        "interval": "FIVE_MIN",
        "open": 1931.07996,
        "low": 1930.96997,
        "high": 1932.07996,
        "close": 1931.80005
    },
    "fuzzy_candle": {
        "lower_shadow_level_short": 0.8018180343968278,
        "lower_shadow_level_long": 0.0,
        "upper_shadow_level_short": 0.4956531139920334,
        "upper_shadow_level_long": 0.0,
        "body_level_small": 0.0,
        "body_level_large": 0.297471148388861
    },
    "type": {
        "hammer": 0.0,
        "inverted_hammer": 0.0,
        "long_bar": 0.297471148388861
    },
    "color": {
        "red": 0,
        "green": 1
    }
}