{
    "candle": {
        "time": "2023-06-13 23:30:00",
        "interval": "FIVE_MIN",
        "open": 1960.55005,
        "low": 1960.55005,
        "high": 1964.12,
        "close": 1963.56006
    },
    "fuzzy_candle": {
        "lower_shadow_level_short": 1.0,
        "lower_shadow_level_long": 0.0,
        "upper_shadow_level_short": 0.6863037297441726,
        "upper_shadow_level_long": 0.0,
        "body_level_small": 0.0,
        "body_level_large": 0.6863037297441728
    },
    "type": {
        "hammer": 0.0,
        "inverted_hammer": 0.0,
        "long_bar": 0.6863037297441728
    },
    "color": {
        "red": 0,
        "green": 1
    }
}