{
    "candle": {
        "time": "2023-06-13 23:35:00",
        "interval": "FIVE_MIN",
        "open": 1963.73999,
        "low": 1961.30005,
        "high": 1964.31995,
        "close": 1961.54004
    },
    "fuzzy_candle": {
        "lower_shadow_level_short": 0.841060962283497,
        "lower_shadow_level_long": 0.0,
        "upper_shadow_level_short": 0.6159078115169199,
        "upper_shadow_level_long": 0.0,
        "body_level_small": 0.0,
        "body_level_large": 0.45696877380041667
    },
    "type": {
        "hammer": 0.0,
        "inverted_hammer": 0.0,
        "long_bar": 0.45696877380041667
    },
    "color": {
        "red": 1,
        "green": 0
    }
}