{
    "candle": {
        "time": "2023-06-13 21:05:00",
        "interval": "FIVE_MIN",
        "open": 1966.06006,
        "low": 1966.01001,
        "high": 1966.26001,
        "close": 1966.12
    },
    "fuzzy_candle": {
        "lower_shadow_level_short": 0.5995999999995547,
        "lower_shadow_level_long": 0.0,
        "upper_shadow_level_short": 0.0,
        "upper_shadow_level_long": 0.12008000000059837,
        "body_level_small": 0.5204800000010437,
        "body_level_large": 0.0
    },
    "type": {
        "hammer": 0.0,
        "inverted_hammer": 0.12008000000059837,
        "long_bar": 0.0
    },
    "color": {
        "red": 0,
        "green": 1
    }
}