{
    "candle": {
        "time": "2023-06-14 20:10:00",
        "interval": "FIVE_MIN",
        "open": 1950.55005,
        "low": 1949.96997,
        "high": 1950.65002,
        "close": 1950.23999
    },
    "fuzzy_candle": {
        "lower_shadow_level_short": 0.20588192044715492,
        "lower_shadow_level_long": 0.0,
        "upper_shadow_level_short": 0.7059922064554254,
        "upper_shadow_level_long": 0.0,
        "body_level_small": 0.0881258730974197,
        "body_level_large": 0.0
    },
    "type": {
        "hammer": 0.0,
        "inverted_hammer": 0.0,
        "long_bar": 0.0
    },
    "color": {
        "red": 1,
        "green": 0
    }
}