{
    "candle": {
        "time": "2023-06-26 20:55:00",
        "interval": "FIVE_MIN",
        "open": 1932.63,
        "low": 1932.19995,
        "high": 1932.68005,
        "close": 1932.20996
    },
    "fuzzy_candle": {
        "lower_shadow_level_short": 0.9583003540930398,
        "lower_shadow_level_long": 0.0,
        "upper_shadow_level_short": 0.7915017704651989,
        "upper_shadow_level_long": 0.0,
        "body_level_small": 0.0,
        "body_level_large": 0.7498021245582387
    },
    "type": {
        "hammer": 0.0,
        "inverted_hammer": 0.0,
        "long_bar": 0.7498021245582387
    },
    "color": {
        "red": 1,
        "green": 0
    }
}