{
    "candle": {
        "time": "2023-06-12 21:05:00",
        "interval": "FIVE_MIN",
        "open": 1964.76001,
        "low": 1964.56995,
        "high": 1965.18005,
        "close": 1964.94995
    },
    "fuzzy_candle": {
        "lower_shadow_level_short": 0.37695459760713956,
        "lower_shadow_level_long": 0.0,
        "upper_shadow_level_short": 0.24569742665123662,
        "upper_shadow_level_long": 0.0,
        "body_level_small": 0.3773479757416238,
        "body_level_large": 0.0
    },
    "type": {
        "hammer": 0.0,
        "inverted_hammer": 0.0,
        "long_bar": 0.0
    },
    "color": {
        "red": 0,
        "green": 1
    }
}