{
    "candle": {
        "time": "2023-06-12 21:10:00",
        "interval": "FIVE_MIN",
        "open": 1965.01001,
        "low": 1964.41003,
        "high": 1965.05005,
        "close": 1964.48999
    },
    "fuzzy_candle": {
        "lower_shadow_level_short": 0.7501328083496702,
        "lower_shadow_level_long": 0.0,
        "upper_shadow_level_short": 0.8748789100337899,
        "upper_shadow_level_long": 0.0,
        "body_level_small": 0.0,
        "body_level_large": 0.62501171838346
    },
    "type": {
        "hammer": 0.0,
        "inverted_hammer": 0.0,
        "long_bar": 0.62501171838346
    },
    "color": {
        "red": 1,
        "green": 0
    }
}