{
    "candle": {
        "time": "2023-06-12 20:45:00",
        "interval": "FIVE_MIN",
        "open": 1965.67004,
        "low": 1965.12,
        "high": 1965.79004,
        "close": 1965.19995
    },
    "fuzzy_candle": {
        "lower_shadow_level_short": 0.7613575308935894,
        "lower_shadow_level_long": 0.0,
        "upper_shadow_level_short": 0.6418124291084635,
        "upper_shadow_level_long": 0.0,
        "body_level_small": 0.0,
        "body_level_large": 0.40316996000205285
    },
    "type": {
        "hammer": 0.0,
        "inverted_hammer": 0.0,
        "long_bar": 0.40316996000205285
    },
    "color": {
        "red": 1,
        "green": 0
    }
}