{
    "candle": {
        "time": "2023-06-12 22:25:00",
        "interval": "FIVE_MIN",
        "open": 1965.26001,
        "low": 1965.12,
        "high": 1965.96997,
        "close": 1965.31006
    },
    "fuzzy_candle": {
        "lower_shadow_level_short": 0.6705530783438478,
        "lower_shadow_level_long": 0.0,
        "upper_shadow_level_short": 0.0,
        "upper_shadow_level_long": 0.5527842159133074,
        "body_level_small": 0.8822311375694597,
        "body_level_large": 0.0
    },
    "type": {
        "hammer": 0.0,
        "inverted_hammer": 0.5527842159133074,
        "long_bar": 0.0
    },
    "color": {
        "red": 0,
        "green": 1
    }
}