{
    "candle": {
        "time": "2023-06-15 22:45:00",
        "interval": "FIVE_MIN",
        "open": 1931.67004,
        "low": 1930.91003,
        "high": 1932.20996,
        "close": 1931.81995
    },
    "fuzzy_candle": {
        "lower_shadow_level_short": 0.0,
        "lower_shadow_level_long": 0.169309116644776,
        "upper_shadow_level_short": 0.39995230512431246,
        "upper_shadow_level_long": 0.0,
        "body_level_small": 0.7693568115204636,
        "body_level_large": 0.0
    },
    "type": {
        "hammer": 0.169309116644776,
        "inverted_hammer": 0.0,
        "long_bar": 0.0
    },
    "color": {
        "red": 0,
        "green": 1
    }
}