{
    "candle": {
        "time": "2023-06-15 22:40:00",
        "interval": "FIVE_MIN",
        "open": 1928.90002,
        "low": 1928.79004,
        "high": 1933.18005,
        "close": 1931.85999
    },
    "fuzzy_candle": {
        "lower_shadow_level_short": 0.9498953305345754,
        "lower_shadow_level_long": 0.0,
        "upper_shadow_level_short": 0.3986072924662777,
        "upper_shadow_level_long": 0.0,
        "body_level_small": 0.0,
        "body_level_large": 0.3485026230008532
    },
    "type": {
        "hammer": 0.0,
        "inverted_hammer": 0.0,
        "long_bar": 0.3485026230008532
    },
    "color": {
        "red": 0,
        "green": 1
    }
}