{
    "candle": {
        "time": "2023-06-24 00:05:00",
        "interval": "FIVE_MIN",
        "open": 1930.43005,
        "low": 1930.41003,
        "high": 1931.78003,
        "close": 1931.31995
    },
    "fuzzy_candle": {
        "lower_shadow_level_short": 0.9707737226278351,
        "lower_shadow_level_long": 0.0,
        "upper_shadow_level_short": 0.32835036496369185,
        "upper_shadow_level_long": 0.0,
        "body_level_small": 0.0,
        "body_level_large": 0.2991240875915271
    },
    "type": {
        "hammer": 0.0,
        "inverted_hammer": 0.0,
        "long_bar": 0.2991240875915271
    },
    "color": {
        "red": 0,
        "green": 1
    }
}