{
    "factors": {
        "day_map": {
            "buy": 0.0,
            "sell": 0.048757283862580936
        }
    },
    "signal": {
        "buy": 0.0,
        "sell": 0.048757283862580936
    }
}