{
    "candle": {
        "time": "2023-06-12 22:15:00",
        "interval": "FIVE_MIN",
        "open": 1964.84998,
        "low": 1964.23999,
        "high": 1965.15002,
        "close": 1964.62
    },
    "fuzzy_candle": {
        "lower_shadow_level_short": 0.1648407195370395,
        "lower_shadow_level_long": 0.0,
        "upper_shadow_level_short": 0.3405931672580489,
        "upper_shadow_level_long": 0.0,
        "body_level_small": 0.4945661132049116,
        "body_level_large": 0.0
    },
    "type": {
        "hammer": 0.0,
        "inverted_hammer": 0.0,
        "long_bar": 0.0
    },
    "color": {
        "red": 1,
        "green": 0
    }
}