{
    "candle": {
        "time": "2023-06-12 22:10:00",
        "interval": "FIVE_MIN",
        "open": 1964.73999,
        "low": 1964.54004,
        "high": 1965.05005,
        "close": 1964.89001
    },
    "fuzzy_candle": {
        "lower_shadow_level_short": 0.2158977274957048,
        "lower_shadow_level_long": 0.0,
        "upper_shadow_level_short": 0.3724044626576277,
        "upper_shadow_level_long": 0.0,
        "body_level_small": 0.4116978098466675,
        "body_level_large": 0.0
    },
    "type": {
        "hammer": 0.0,
        "inverted_hammer": 0.0,
        "long_bar": 0.0
    },
    "color": {
        "red": 0,
        "green": 1
    }
}