{
    "candle": {
        "time": "2023-06-15 22:10:00",
        "interval": "FIVE_MIN",
        "open": 1928.21997,
        "low": 1927.93994,
        "high": 1928.88,
        "close": 1928.39001
    },
    "fuzzy_candle": {
        "lower_shadow_level_short": 0.4042295172646736,
        "lower_shadow_level_long": 0.0,
        "upper_shadow_level_short": 0.0,
        "upper_shadow_level_long": 0.04246537455048904,
        "body_level_small": 0.6382358572858154,
        "body_level_large": 0.0
    },
    "type": {
        "hammer": 0.0,
        "inverted_hammer": 0.04246537455048904,
        "long_bar": 0.0
    },
    "color": {
        "red": 0,
        "green": 1
    }
}