{
    "candle": {
        "time": "2023-06-26 23:50:00",
        "interval": "FIVE_MIN",
        "open": 1922.43005,
        "low": 1921.90002,
        "high": 1924.33997,
        "close": 1923.95996
    },
    "fuzzy_candle": {
        "lower_shadow_level_short": 0.5655402774647783,
        "lower_shadow_level_long": 0.0,
        "upper_shadow_level_short": 0.6885100104509592,
        "upper_shadow_level_long": 0.0,
        "body_level_small": 0.0,
        "body_level_large": 0.25405028791573736
    },
    "type": {
        "hammer": 0.0,
        "inverted_hammer": 0.0,
        "long_bar": 0.25405028791573736
    },
    "color": {
        "red": 0,
        "green": 1
    }
}