{
    "candle": {
        "time": "2023-06-12 19:30:00",
        "interval": "FIVE_MIN",
        "open": 1965.07996,
        "low": 1964.08997,
        "high": 1965.20996,
        "close": 1964.83997
    },
    "fuzzy_candle": {
        "lower_shadow_level_short": 0.0,
        "lower_shadow_level_long": 0.3392976723007459,
        "upper_shadow_level_short": 0.7678550701347485,
        "upper_shadow_level_long": 0.0,
        "body_level_small": 0.5714426021659973,
        "body_level_large": 0.0
    },
    "type": {
        "hammer": 0.3392976723007459,
        "inverted_hammer": 0.0,
        "long_bar": 0.0
    },
    "color": {
        "red": 1,
        "green": 0
    }
}