{
    "candle": {
        "time": "2023-06-12 19:35:00",
        "interval": "FIVE_MIN",
        "open": 1964.83997,
        "low": 1964.63,
        "high": 1964.93005,
        "close": 1964.93005
    },
    "fuzzy_candle": {
        "lower_shadow_level_short": 0.0,
        "lower_shadow_level_long": 0.39956673887688665,
        "upper_shadow_level_short": 1.0,
        "upper_shadow_level_long": 0.0,
        "body_level_small": 0.39956673887688654,
        "body_level_large": 0.0
    },
    "type": {
        "hammer": 0.39956673887688654,
        "inverted_hammer": 0.0,
        "long_bar": 0.0
    },
    "color": {
        "red": 0,
        "green": 1
    }
}