{
    "hitmap": {
        "1940.02, 1940.2199999999998": {
            "hit": false,
            "above": 1.0,
            "below": 0.0
        },
        "1947.662485, 1947.8624849999999": {
            "hit": true,
            "above": 0.7777777777777778,
            "below": 0.2222222222222222
        }
    },
    "last_five_min": {
        "hammer": 0.0,
        "inverted_hammer": 0.0,
        "long_bar": 0.14818278624031267
    },
    "current_five_min": {
        "hammer": 0.0,
        "inverted_hammer": 0.277747683930772,
        "long_bar": 0.0,
        "color": {
            "red": 0,
            "green": 1
        }
    },
    "current_bigger": 2.1315972078416732e-05,
    "signal": {
        "buy": 0.0,
        "sell": 0.0
    }
}