{
    "candle": {
        "time": "2023-06-13 23:40:00",
        "interval": "FIVE_MIN",
        "open": 1958.62,
        "low": 1958.12,
        "high": 1959.96997,
        "close": 1959.57996
    },
    "fuzzy_candle": {
        "lower_shadow_level_short": 0.4594506937950965,
        "lower_shadow_level_long": 0.0,
        "upper_shadow_level_short": 0.5783607301739704,
        "upper_shadow_level_long": 0.0,
        "body_level_small": 0.0,
        "body_level_large": 0.03781142396906678
    },
    "type": {
        "hammer": 0.0,
        "inverted_hammer": 0.0,
        "long_bar": 0.03781142396906678
    },
    "color": {
        "red": 0,
        "green": 1
    }
}