{
    "candle": {
        "time": "2023-06-23 22:55:00",
        "interval": "FIVE_MIN",
        "open": 1929.03003,
        "low": 1928.40002,
        "high": 1929.58997,
        "close": 1928.90002
    },
    "fuzzy_candle": {
        "lower_shadow_level_short": 0.15962855582164026,
        "lower_shadow_level_long": 0.0,
        "upper_shadow_level_short": 0.058884827093375613,
        "upper_shadow_level_long": 0.0,
        "body_level_small": 0.7814866170849841,
        "body_level_large": 0.0
    },
    "type": {
        "hammer": 0.0,
        "inverted_hammer": 0.0,
        "long_bar": 0.0
    },
    "color": {
        "red": 1,
        "green": 0
    }
}