{
    "candle": {
        "time": "2023-06-23 23:00:00",
        "interval": "FIVE_MIN",
        "open": 1929.17004,
        "low": 1929.17004,
        "high": 1930.84998,
        "close": 1929.56995
    },
    "fuzzy_candle": {
        "lower_shadow_level_short": 1.0,
        "lower_shadow_level_long": 0.0,
        "upper_shadow_level_short": 0.0,
        "upper_shadow_level_long": 0.5238996630830939,
        "body_level_small": 0.5238996630830938,
        "body_level_large": 0.0
    },
    "type": {
        "hammer": 0.0,
        "inverted_hammer": 0.5238996630830938,
        "long_bar": 0.0
    },
    "color": {
        "red": 0,
        "green": 1
    }
}