{
    "candle": {
        "time": "2023-06-15 22:15:00",
        "interval": "FIVE_MIN",
        "open": 1928.39001,
        "low": 1927.58997,
        "high": 1929.88,
        "close": 1929.42004
    },
    "fuzzy_candle": {
        "lower_shadow_level_short": 0.3012842626515455,
        "lower_shadow_level_long": 0.0,
        "upper_shadow_level_short": 0.5982934721378199,
        "upper_shadow_level_long": 0.0,
        "body_level_small": 0.10042226521063469,
        "body_level_large": 0.0
    },
    "type": {
        "hammer": 0.0,
        "inverted_hammer": 0.0,
        "long_bar": 0.0
    },
    "color": {
        "red": 0,
        "green": 1
    }
}