{
    "candle": {
        "time": "2023-06-15 22:10:00",
        "interval": "FIVE_MIN",
        "open": 1928.21997,
        "low": 1927.23999,
        "high": 1928.93994,
        "close": 1928.41003
    },
    "fuzzy_candle": {
        "lower_shadow_level_short": 0.0,
        "lower_shadow_level_long": 0.15295155739886557,
        "upper_shadow_level_short": 0.3765581340627784,
        "upper_shadow_level_long": 0.0,
        "body_level_small": 0.7763934233360872,
        "body_level_large": 0.0
    },
    "type": {
        "hammer": 0.15295155739886557,
        "inverted_hammer": 0.0,
        "long_bar": 0.0
    },
    "color": {
        "red": 0,
        "green": 1
    }
}