{
    "candle": {
        "time": "2023-06-13 23:50:00",
        "interval": "FIVE_MIN",
        "open": 1954.42004,
        "low": 1953.91003,
        "high": 1955.60999,
        "close": 1955.18994
    },
    "fuzzy_candle": {
        "lower_shadow_level_short": 0.39997411703805985,
        "lower_shadow_level_long": 0.0,
        "upper_shadow_level_short": 0.5058119014565443,
        "upper_shadow_level_long": 0.0,
        "body_level_small": 0.09421398150539595,
        "body_level_large": 0.0
    },
    "type": {
        "hammer": 0.0,
        "inverted_hammer": 0.0,
        "long_bar": 0.0
    },
    "color": {
        "red": 0,
        "green": 1
    }
}