{
    "factors": {
        "day_map": {
            "buy": 0.36920887658168744,
            "sell": 0.0
        }
    },
    "signal": {
        "buy": 0.36920887658168744,
        "sell": 0.0
    }
}