{
    "candle": {
        "time": "2023-06-15 22:30:00",
        "interval": "FIVE_MIN",
        "open": 1927.40002,
        "low": 1925.35999,
        "high": 1932.23999,
        "close": 1931.38
    },
    "fuzzy_candle": {
        "lower_shadow_level_short": 0.40696802325578985,
        "lower_shadow_level_long": 0.0,
        "upper_shadow_level_short": 0.75000290697677,
        "upper_shadow_level_long": 0.0,
        "body_level_small": 0.0,
        "body_level_large": 0.1569709302325597
    },
    "type": {
        "hammer": 0.0,
        "inverted_hammer": 0.0,
        "long_bar": 0.1569709302325597
    },
    "color": {
        "red": 0,
        "green": 1
    }
}