{
    "candle": {
        "time": "2023-06-15 22:35:00",
        "interval": "FIVE_MIN",
        "open": 1931.19995,
        "low": 1930.12,
        "high": 1931.43994,
        "close": 1931.38
    },
    "fuzzy_candle": {
        "lower_shadow_level_short": 0.0,
        "lower_shadow_level_long": 0.6363622588905278,
        "upper_shadow_level_short": 0.909177689895199,
        "upper_shadow_level_long": 0.0,
        "body_level_small": 0.7271845689953289,
        "body_level_large": 0.0
    },
    "type": {
        "hammer": 0.6363622588905278,
        "inverted_hammer": 0.0,
        "long_bar": 0.0
    },
    "color": {
        "red": 0,
        "green": 1
    }
}