{
    "candle": {
        "time": "2023-06-26 21:25:00",
        "interval": "FIVE_MIN",
        "open": 1931.88,
        "low": 1931.56006,
        "high": 1932.21997,
        "close": 1931.56006
    },
    "fuzzy_candle": {
        "lower_shadow_level_short": 1.0,
        "lower_shadow_level_long": 0.0,
        "upper_shadow_level_short": 0.0,
        "upper_shadow_level_long": 0.03035262384249915,
        "body_level_small": 0.03035262384249915,
        "body_level_large": 0.0
    },
    "type": {
        "hammer": 0.0,
        "inverted_hammer": 0.03035262384249915,
        "long_bar": 0.0
    },
    "color": {
        "red": 1,
        "green": 0
    }
}