{
    "candle": {
        "time": "2023-06-26 21:30:00",
        "interval": "FIVE_MIN",
        "open": 1931.56995,
        "low": 1931.56995,
        "high": 1931.96997,
        "close": 1931.83997
    },
    "fuzzy_candle": {
        "lower_shadow_level_short": 1.0,
        "lower_shadow_level_long": 0.0,
        "upper_shadow_level_short": 0.35003249837460126,
        "upper_shadow_level_long": 0.0,
        "body_level_small": 0.0,
        "body_level_large": 0.35003249837460126
    },
    "type": {
        "hammer": 0.0,
        "inverted_hammer": 0.0,
        "long_bar": 0.35003249837460126
    },
    "color": {
        "red": 0,
        "green": 1
    }
}