{
    "candle": {
        "time": "2023-06-12 20:50:00",
        "interval": "FIVE_MIN",
        "open": 1965.40002,
        "low": 1965.04004,
        "high": 1965.88,
        "close": 1965.05005
    },
    "fuzzy_candle": {
        "lower_shadow_level_short": 0.9761655316920677,
        "lower_shadow_level_long": 0.0,
        "upper_shadow_level_short": 0.0,
        "upper_shadow_level_long": 0.14286394590232332,
        "body_level_small": 0.16669841421025566,
        "body_level_large": 0.0
    },
    "type": {
        "hammer": 0.0,
        "inverted_hammer": 0.14286394590232332,
        "long_bar": 0.0
    },
    "color": {
        "red": 1,
        "green": 0
    }
}