{
    "candle": {
        "time": "2023-06-12 20:55:00",
        "interval": "FIVE_MIN",
        "open": 1965.06006,
        "low": 1964.51001,
        "high": 1965.10999,
        "close": 1964.60999
    },
    "fuzzy_candle": {
        "lower_shadow_level_short": 0.6667222240742482,
        "lower_shadow_level_long": 0.0,
        "upper_shadow_level_short": 0.833561118704266,
        "upper_shadow_level_long": 0.0,
        "body_level_small": 0.0,
        "body_level_large": 0.500283342778514
    },
    "type": {
        "hammer": 0.0,
        "inverted_hammer": 0.0,
        "long_bar": 0.500283342778514
    },
    "color": {
        "red": 1,
        "green": 0
    }
}