{
    "candle": {
        "time": "2023-06-13 22:00:00",
        "interval": "FIVE_MIN",
        "open": 1963.85999,
        "low": 1963.35999,
        "high": 1964.05005,
        "close": 1963.35999
    },
    "fuzzy_candle": {
        "lower_shadow_level_short": 1.0,
        "lower_shadow_level_long": 0.0,
        "upper_shadow_level_short": 0.44914934933166817,
        "upper_shadow_level_long": 0.0,
        "body_level_small": 0.0,
        "body_level_large": 0.4491493493316683
    },
    "type": {
        "hammer": 0.0,
        "inverted_hammer": 0.0,
        "long_bar": 0.4491493493316683
    },
    "color": {
        "red": 1,
        "green": 0
    }
}