{
    "candle": {
        "time": "2023-06-13 22:05:00",
        "interval": "FIVE_MIN",
        "open": 1963.81995,
        "low": 1962.56006,
        "high": 1963.98999,
        "close": 1962.56006
    },
    "fuzzy_candle": {
        "lower_shadow_level_short": 1.0,
        "lower_shadow_level_long": 0.0,
        "upper_shadow_level_short": 0.7621701761625111,
        "upper_shadow_level_long": 0.0,
        "body_level_small": 0.0,
        "body_level_large": 0.762170176162511
    },
    "type": {
        "hammer": 0.0,
        "inverted_hammer": 0.0,
        "long_bar": 0.762170176162511
    },
    "color": {
        "red": 1,
        "green": 0
    }
}