{
    "candle": {
        "time": "2023-06-12 21:25:00",
        "interval": "FIVE_MIN",
        "open": 1961.98999,
        "low": 1961.82996,
        "high": 1963.63,
        "close": 1963.56006
    },
    "fuzzy_candle": {
        "lower_shadow_level_short": 0.8221928401591088,
        "lower_shadow_level_long": 0.0,
        "upper_shadow_level_short": 0.9222906157640001,
        "upper_shadow_level_long": 0.0,
        "body_level_small": 0.0,
        "body_level_large": 0.7444834559231088
    },
    "type": {
        "hammer": 0.0,
        "inverted_hammer": 0.0,
        "long_bar": 0.7444834559231088
    },
    "color": {
        "red": 0,
        "green": 1
    }
}