{
    "factors": {
        "day_map": {
            "buy": 0.0028509486144156436,
            "sell": 0.0
        }
    },
    "signal": {
        "buy": 0.0028509486144156436,
        "sell": 0.0
    }
}