{
    "candle": {
        "time": "2023-06-14 00:35:00",
        "interval": "FIVE_MIN",
        "open": 1951.71997,
        "low": 1951.43005,
        "high": 1952.85999,
        "close": 1951.85999
    },
    "fuzzy_candle": {
        "lower_shadow_level_short": 0.594500468550893,
        "lower_shadow_level_long": 0.0,
        "upper_shadow_level_short": 0.0,
        "upper_shadow_level_long": 0.39866008363988503,
        "body_level_small": 0.804159615088992,
        "body_level_large": 0.0
    },
    "type": {
        "hammer": 0.0,
        "inverted_hammer": 0.39866008363988503,
        "long_bar": 0.0
    },
    "color": {
        "red": 0,
        "green": 1
    }
}