{
    "candle": {
        "time": "2023-06-14 00:40:00",
        "interval": "FIVE_MIN",
        "open": 1951.89001,
        "low": 1951.84998,
        "high": 1952.79004,
        "close": 1952.15002
    },
    "fuzzy_candle": {
        "lower_shadow_level_short": 0.9148352232833868,
        "lower_shadow_level_long": 0.0,
        "upper_shadow_level_short": 0.0,
        "upper_shadow_level_long": 0.36165776652545745,
        "body_level_small": 0.4468225432420706,
        "body_level_large": 0.0
    },
    "type": {
        "hammer": 0.0,
        "inverted_hammer": 0.36165776652545745,
        "long_bar": 0.0
    },
    "color": {
        "red": 0,
        "green": 1
    }
}