{
    "candle": {
        "time": "2023-06-15 21:55:00",
        "interval": "FIVE_MIN",
        "open": 1929.07996,
        "low": 1928.83997,
        "high": 1929.07996,
        "close": 1928.88
    },
    "fuzzy_candle": {
        "lower_shadow_level_short": 0.6664027667810365,
        "lower_shadow_level_long": 0.0,
        "upper_shadow_level_short": 1.0,
        "upper_shadow_level_long": 0.0,
        "body_level_small": 0.0,
        "body_level_large": 0.6664027667810366
    },
    "type": {
        "hammer": 0.0,
        "inverted_hammer": 0.0,
        "long_bar": 0.6664027667810366
    },
    "color": {
        "red": 1,
        "green": 0
    }
}