{
    "candle": {
        "time": "2023-06-15 20:35:00",
        "interval": "FIVE_MIN",
        "open": 1935.03003,
        "low": 1934.92004,
        "high": 1935.38,
        "close": 1935.34998
    },
    "fuzzy_candle": {
        "lower_shadow_level_short": 0.5217410209588123,
        "lower_shadow_level_long": 0.0,
        "upper_shadow_level_short": 0.8694669101654899,
        "upper_shadow_level_long": 0.0,
        "body_level_small": 0.0,
        "body_level_large": 0.3912079311243022
    },
    "type": {
        "hammer": 0.0,
        "inverted_hammer": 0.0,
        "long_bar": 0.3912079311243022
    },
    "color": {
        "red": 0,
        "green": 1
    }
}