{
    "candle": {
        "time": "2023-06-15 20:45:00",
        "interval": "FIVE_MIN",
        "open": 1934.59998,
        "low": 1934.56995,
        "high": 1935.26001,
        "close": 1934.67004
    },
    "fuzzy_candle": {
        "lower_shadow_level_short": 0.9129640900794099,
        "lower_shadow_level_long": 0.0,
        "upper_shadow_level_short": 0.0,
        "upper_shadow_level_long": 0.7099092832509541,
        "body_level_small": 0.7969451931715443,
        "body_level_large": 0.0
    },
    "type": {
        "hammer": 0.0,
        "inverted_hammer": 0.7099092832509541,
        "long_bar": 0.0
    },
    "color": {
        "red": 0,
        "green": 1
    }
}