{
    "candle": {
        "time": "2023-06-15 20:50:00",
        "interval": "FIVE_MIN",
        "open": 1934.68005,
        "low": 1934.14001,
        "high": 1934.68005,
        "close": 1934.23999
    },
    "fuzzy_candle": {
        "lower_shadow_level_short": 0.629731131027387,
        "lower_shadow_level_long": 0.0,
        "upper_shadow_level_short": 1.0,
        "upper_shadow_level_long": 0.0,
        "body_level_small": 0.0,
        "body_level_large": 0.629731131027387
    },
    "type": {
        "hammer": 0.0,
        "inverted_hammer": 0.0,
        "long_bar": 0.629731131027387
    },
    "color": {
        "red": 1,
        "green": 0
    }
}