{
    "candle": {
        "time": "2023-06-12 22:25:00",
        "interval": "FIVE_MIN",
        "open": 1965.26001,
        "low": 1963.38,
        "high": 1965.96997,
        "close": 1963.38
    },
    "fuzzy_candle": {
        "lower_shadow_level_short": 1.0,
        "lower_shadow_level_long": 0.0,
        "upper_shadow_level_short": 0.45176198952100677,
        "upper_shadow_level_long": 0.0,
        "body_level_small": 0.0,
        "body_level_large": 0.45176198952100677
    },
    "type": {
        "hammer": 0.0,
        "inverted_hammer": 0.0,
        "long_bar": 0.45176198952100677
    },
    "color": {
        "red": 1,
        "green": 0
    }
}