{
    "candle": {
        "time": "2023-06-12 22:30:00",
        "interval": "FIVE_MIN",
        "open": 1963.23999,
        "low": 1961.44995,
        "high": 1963.38,
        "close": 1961.76001
    },
    "fuzzy_candle": {
        "lower_shadow_level_short": 0.6787026242843504,
        "lower_shadow_level_long": 0.0,
        "upper_shadow_level_short": 0.8549156757596302,
        "upper_shadow_level_long": 0.0,
        "body_level_small": 0.0,
        "body_level_large": 0.5336183000439805
    },
    "type": {
        "hammer": 0.0,
        "inverted_hammer": 0.0,
        "long_bar": 0.5336183000439805
    },
    "color": {
        "red": 1,
        "green": 0
    }
}