{
    "candle": {
        "time": "2023-06-13 22:00:00",
        "interval": "FIVE_MIN",
        "open": 1963.85999,
        "low": 1963.53003,
        "high": 1964.05005,
        "close": 1963.71997
    },
    "fuzzy_candle": {
        "lower_shadow_level_short": 0.26948963501346834,
        "lower_shadow_level_long": 0.0,
        "upper_shadow_level_short": 0.2690281143030173,
        "upper_shadow_level_long": 0.0,
        "body_level_small": 0.46148225068351434,
        "body_level_large": 0.0
    },
    "type": {
        "hammer": 0.0,
        "inverted_hammer": 0.0,
        "long_bar": 0.0
    },
    "color": {
        "red": 1,
        "green": 0
    }
}