{
    "candle": {
        "time": "2023-06-15 19:40:00",
        "interval": "FIVE_MIN",
        "open": 1934.62,
        "low": 1934.43994,
        "high": 1935.12,
        "close": 1934.95996
    },
    "fuzzy_candle": {
        "lower_shadow_level_short": 0.47045848895704667,
        "lower_shadow_level_long": 0.0,
        "upper_shadow_level_short": 0.5293356468546848,
        "upper_shadow_level_long": 0.0,
        "body_level_small": 0.00020586418826862296,
        "body_level_large": 0.0
    },
    "type": {
        "hammer": 0.0,
        "inverted_hammer": 0.0,
        "long_bar": 0.0
    },
    "color": {
        "red": 0,
        "green": 1
    }
}