{
    "candle": {
        "time": "2023-06-15 19:45:00",
        "interval": "FIVE_MIN",
        "open": 1934.93005,
        "low": 1934.59998,
        "high": 1935.05005,
        "close": 1934.63
    },
    "fuzzy_candle": {
        "lower_shadow_level_short": 0.8665985291170566,
        "lower_shadow_level_long": 0.0,
        "upper_shadow_level_short": 0.46674961672587545,
        "upper_shadow_level_long": 0.0,
        "body_level_small": 0.0,
        "body_level_large": 0.33334814584293193
    },
    "type": {
        "hammer": 0.0,
        "inverted_hammer": 0.0,
        "long_bar": 0.33334814584293193
    },
    "color": {
        "red": 1,
        "green": 0
    }
}