{
    "candle": {
        "time": "2023-06-14 19:40:00",
        "interval": "FIVE_MIN",
        "open": 1951.79004,
        "low": 1951.43994,
        "high": 1952.04004,
        "close": 1951.81995
    },
    "fuzzy_candle": {
        "lower_shadow_level_short": 0.0,
        "lower_shadow_level_long": 0.16680553241141927,
        "upper_shadow_level_short": 0.26648891851362577,
        "upper_shadow_level_long": 0.0,
        "body_level_small": 0.9003166138977936,
        "body_level_large": 0.0
    },
    "type": {
        "hammer": 0.16680553241141927,
        "inverted_hammer": 0.0,
        "long_bar": 0.0
    },
    "color": {
        "red": 0,
        "green": 1
    }
}