{
    "candle": {
        "time": "2023-06-12",
        "interval": "ONE_DAY",
        "open": 1959.80005,
        "low": 1949.33997,
        "high": 1967.06006,
        "close": 1957.55005
    },
    "fuzzy_candle": {
        "lower_shadow_level_short": 0.07335910822122815,
        "lower_shadow_level_long": 0.0,
        "upper_shadow_level_short": 0.18058994057028444,
        "upper_shadow_level_long": 0.0,
        "body_level_small": 0.7460509512084875,
        "body_level_large": 0.0
    },
    "type": {
        "hammer": 0.0,
        "inverted_hammer": 0.0,
        "long_bar": 0.0
    },
    "color": {
        "red": 1,
        "green": 0
    }
}