{
    "candle": {
        "time": "2023-06-13 23:05:00",
        "interval": "FIVE_MIN",
        "open": 1965.08997,
        "low": 1964.40002,
        "high": 1965.68994,
        "close": 1965.59998
    },
    "fuzzy_candle": {
        "lower_shadow_level_short": 0.0,
        "lower_shadow_level_long": 0.06975626395433276,
        "upper_shadow_level_short": 0.8605184817662748,
        "upper_shadow_level_long": 0.0,
        "body_level_small": 0.209237782188058,
        "body_level_large": 0.0
    },
    "type": {
        "hammer": 0.06975626395433276,
        "inverted_hammer": 0.0,
        "long_bar": 0.0
    },
    "color": {
        "red": 0,
        "green": 1
    }
}