{
    "candle": {
        "time": "2023-06-24 00:40:00",
        "interval": "FIVE_MIN",
        "open": 1926.18005,
        "low": 1924.29004,
        "high": 1926.43005,
        "close": 1924.33997
    },
    "fuzzy_candle": {
        "lower_shadow_level_short": 0.9533366666511769,
        "lower_shadow_level_long": 0.0,
        "upper_shadow_level_short": 0.7663562319802077,
        "upper_shadow_level_long": 0.0,
        "body_level_small": 0.0,
        "body_level_large": 0.7196928986313846
    },
    "type": {
        "hammer": 0.0,
        "inverted_hammer": 0.0,
        "long_bar": 0.7196928986313846
    },
    "color": {
        "red": 1,
        "green": 0
    }
}