{
    "candle": {
        "time": "2023-06-23 19:35:00",
        "interval": "FIVE_MIN",
        "open": 1919.04004,
        "low": 1918.63,
        "high": 1919.08997,
        "close": 1918.69995
    },
    "fuzzy_candle": {
        "lower_shadow_level_short": 0.6958497293308141,
        "lower_shadow_level_long": 0.0,
        "upper_shadow_level_short": 0.7828988847102359,
        "upper_shadow_level_long": 0.0,
        "body_level_small": 0.0,
        "body_level_large": 0.47874861404104996
    },
    "type": {
        "hammer": 0.0,
        "inverted_hammer": 0.0,
        "long_bar": 0.47874861404104996
    },
    "color": {
        "red": 1,
        "green": 0
    }
}