{
    "factors": {
        "day_map": {
            "buy": 0.08165140393208364,
            "sell": 0.0
        }
    },
    "signal": {
        "buy": 0.08165140393208364,
        "sell": 0.0
    }
}