{
    "candle": {
        "time": "2023-06-27 00:00:00",
        "interval": "FIVE_MIN",
        "open": 1924.88,
        "low": 1923.43005,
        "high": 1924.93005,
        "close": 1924.41003
    },
    "fuzzy_candle": {
        "lower_shadow_level_short": 0.0,
        "lower_shadow_level_long": 0.3066400000000915,
        "upper_shadow_level_short": 0.9332666666668956,
        "upper_shadow_level_long": 0.0,
        "body_level_small": 0.373373333333196,
        "body_level_large": 0.0
    },
    "type": {
        "hammer": 0.3066400000000915,
        "inverted_hammer": 0.0,
        "long_bar": 0.0
    },
    "color": {
        "red": 1,
        "green": 0
    }
}