{
    "candle": {
        "time": "2023-06-23 21:55:00",
        "interval": "FIVE_MIN",
        "open": 1919.33997,
        "low": 1918.92004,
        "high": 1919.34998,
        "close": 1919.18005
    },
    "fuzzy_candle": {
        "lower_shadow_level_short": 0.0,
        "lower_shadow_level_long": 0.20951760710784328,
        "upper_shadow_level_short": 0.9534353630740757,
        "upper_shadow_level_long": 0.0,
        "body_level_small": 0.25608224403376745,
        "body_level_large": 0.0
    },
    "type": {
        "hammer": 0.20951760710784328,
        "inverted_hammer": 0.0,
        "long_bar": 0.0
    },
    "color": {
        "red": 1,
        "green": 0
    }
}