{
    "candle": {
        "time": "2023-06-26 20:00:00",
        "interval": "FIVE_MIN",
        "open": 1929.94995,
        "low": 1929.56995,
        "high": 1930.14001,
        "close": 1930.12
    },
    "fuzzy_candle": {
        "lower_shadow_level_short": 0.0,
        "lower_shadow_level_long": 0.3331929972279186,
        "upper_shadow_level_short": 0.9297968634874101,
        "upper_shadow_level_long": 0.0,
        "body_level_small": 0.4033961337405084,
        "body_level_large": 0.0
    },
    "type": {
        "hammer": 0.3331929972279186,
        "inverted_hammer": 0.0,
        "long_bar": 0.0
    },
    "color": {
        "red": 0,
        "green": 1
    }
}