{
    "candle": {
        "time": "2023-06-27 19:10:00",
        "interval": "FIVE_MIN",
        "open": 1925.37,
        "low": 1925.21997,
        "high": 1925.69995,
        "close": 1925.38
    },
    "fuzzy_candle": {
        "lower_shadow_level_short": 0.37484895204034574,
        "lower_shadow_level_long": 0.0,
        "upper_shadow_level_short": 0.0,
        "upper_shadow_level_long": 0.3331805491893036,
        "body_level_small": 0.958331597148958,
        "body_level_large": 0.0
    },
    "type": {
        "hammer": 0.0,
        "inverted_hammer": 0.3331805491893036,
        "long_bar": 0.0
    },
    "color": {
        "red": 0,
        "green": 1
    }
}