{
    "candle": {
        "time": "2023-06-13 22:15:00",
        "interval": "FIVE_MIN",
        "open": 1959.84998,
        "low": 1958.43994,
        "high": 1960.17004,
        "close": 1958.54004
    },
    "fuzzy_candle": {
        "lower_shadow_level_short": 0.8842841454249908,
        "lower_shadow_level_long": 0.0,
        "upper_shadow_level_short": 0.6300098260216017,
        "upper_shadow_level_long": 0.0,
        "body_level_small": 0.0,
        "body_level_large": 0.5142939714465924
    },
    "type": {
        "hammer": 0.0,
        "inverted_hammer": 0.0,
        "long_bar": 0.5142939714465924
    },
    "color": {
        "red": 1,
        "green": 0
    }
}