{
    "candle": {
        "time": "2023-06-13 22:20:00",
        "interval": "FIVE_MIN",
        "open": 1958.55005,
        "low": 1958.46997,
        "high": 1959.94995,
        "close": 1959.31995
    },
    "fuzzy_candle": {
        "lower_shadow_level_short": 0.8917823213827738,
        "lower_shadow_level_long": 0.0,
        "upper_shadow_level_short": 0.14863714374525427,
        "upper_shadow_level_long": 0.0,
        "body_level_small": 0.0,
        "body_level_large": 0.040419465128028076
    },
    "type": {
        "hammer": 0.0,
        "inverted_hammer": 0.0,
        "long_bar": 0.040419465128028076
    },
    "color": {
        "red": 0,
        "green": 1
    }
}