{
    "candle": {
        "time": "2023-06-12 20:55:00",
        "interval": "FIVE_MIN",
        "open": 1965.06006,
        "low": 1964.05005,
        "high": 1965.10999,
        "close": 1964.16003
    },
    "fuzzy_candle": {
        "lower_shadow_level_short": 0.792478819555892,
        "lower_shadow_level_long": 0.0,
        "upper_shadow_level_short": 0.9057871200258316,
        "upper_shadow_level_long": 0.0,
        "body_level_small": 0.0,
        "body_level_large": 0.6982659395817234
    },
    "type": {
        "hammer": 0.0,
        "inverted_hammer": 0.0,
        "long_bar": 0.6982659395817234
    },
    "color": {
        "red": 1,
        "green": 0
    }
}