{
    "candle": {
        "time": "2023-06-12 21:00:00",
        "interval": "FIVE_MIN",
        "open": 1964.17004,
        "low": 1963.76001,
        "high": 1964.17004,
        "close": 1964.06006
    },
    "fuzzy_candle": {
        "lower_shadow_level_short": 0.0,
        "lower_shadow_level_long": 0.46355144745531396,
        "upper_shadow_level_short": 1.0,
        "upper_shadow_level_long": 0.0,
        "body_level_small": 0.46355144745531396,
        "body_level_large": 0.0
    },
    "type": {
        "hammer": 0.46355144745531396,
        "inverted_hammer": 0.0,
        "long_bar": 0.0
    },
    "color": {
        "red": 1,
        "green": 0
    }
}