{
    "hitmap": {
        "1910.21006, 1910.41006": {
            "hit": false,
            "above": 1.0,
            "below": 0.0
        },
        "1916.89756, 1917.09756": {
            "hit": false,
            "above": 1.0,
            "below": 0.0
        },
        "1923.58506, 1923.78506": {
            "hit": false,
            "above": 1.0,
            "below": 0.0
        },
        "1930.27256, 1930.47256": {
            "hit": true,
            "above": 0.4444444444444444,
            "below": 0.5555555555555556
        }
    },
    "last_five_min": {
        "hammer": 0.0,
        "inverted_hammer": 0.0,
        "long_bar": 0.7260693070485817
    },
    "current_five_min": {
        "hammer": 0.0,
        "inverted_hammer": 0.0,
        "long_bar": 0.0,
        "color": {
            "red": 0,
            "green": 1
        }
    },
    "current_bigger": 2.3677645484312668e-07,
    "signal": {
        "buy": 0.0,
        "sell": 0.0
    }
}