{
    "candle": {
        "time": "2023-06-23 20:15:00",
        "interval": "FIVE_MIN",
        "open": 1917.98999,
        "low": 1917.48999,
        "high": 1918.18994,
        "close": 1917.81995
    },
    "fuzzy_candle": {
        "lower_shadow_level_short": 0.05718979927122092,
        "lower_shadow_level_long": 0.0,
        "upper_shadow_level_short": 0.42867347667701905,
        "upper_shadow_level_long": 0.0,
        "body_level_small": 0.51413672405176,
        "body_level_large": 0.0
    },
    "type": {
        "hammer": 0.0,
        "inverted_hammer": 0.0,
        "long_bar": 0.0
    },
    "color": {
        "red": 1,
        "green": 0
    }
}