{
    "candle": {
        "time": "2023-06-26 21:05:00",
        "interval": "FIVE_MIN",
        "open": 1932.06995,
        "low": 1931.78003,
        "high": 1932.10999,
        "close": 1932.04004
    },
    "fuzzy_candle": {
        "lower_shadow_level_short": 0.0,
        "lower_shadow_level_long": 0.5760092132390033,
        "upper_shadow_level_short": 0.75730391562699,
        "upper_shadow_level_long": 0.0,
        "body_level_small": 0.8187052976120135,
        "body_level_large": 0.0
    },
    "type": {
        "hammer": 0.5760092132390033,
        "inverted_hammer": 0.0,
        "long_bar": 0.0
    },
    "color": {
        "red": 1,
        "green": 0
    }
}