{
    "candle": {
        "time": "2023-06-26 21:10:00",
        "interval": "FIVE_MIN",
        "open": 1932.01001,
        "low": 1931.87,
        "high": 1932.09998,
        "close": 1932.01001
    },
    "fuzzy_candle": {
        "lower_shadow_level_short": 0.0,
        "lower_shadow_level_long": 0.21758413775139562,
        "upper_shadow_level_short": 0.21758413775139562,
        "upper_shadow_level_long": 0.0,
        "body_level_small": 1.0,
        "body_level_large": 0.0
    },
    "type": {
        "hammer": 0.21758413775139562,
        "inverted_hammer": 0.0,
        "long_bar": 0.0
    },
    "color": {
        "red": 0,
        "green": 1
    }
}