{
    "hitmap": {
        "1949.23997, 1949.43997": {
            "hit": false,
            "above": 1.0,
            "below": 0.0
        },
        "1953.6699925, 1953.8699924999999": {
            "hit": true,
            "above": 0.3333333333333333,
            "below": 0.6666666666666666
        }
    },
    "last_five_min": {
        "hammer": 0.0,
        "inverted_hammer": 0.0,
        "long_bar": 0.40084228332793725
    },
    "current_five_min": {
        "hammer": 0.0,
        "inverted_hammer": 0.0,
        "long_bar": 0.48543825586589806,
        "color": {
            "red": 1,
            "green": 0
        }
    },
    "current_bigger": 0.11795774199499222,
    "signal": {
        "buy": 0.0,
        "sell": 0.11795774199499222
    }
}