{
    "factors": {
        "day_map": {
            "buy": 0.0,
            "sell": 0.11795774199499222
        }
    },
    "signal": {
        "buy": 0.0,
        "sell": 0.11795774199499222
    }
}