{
    "candle": {
        "time": "2023-06-23 20:55:00",
        "interval": "FIVE_MIN",
        "open": 1917.62,
        "low": 1917.15002,
        "high": 1917.88,
        "close": 1917.67004
    },
    "fuzzy_candle": {
        "lower_shadow_level_short": 0.0,
        "lower_shadow_level_long": 0.2876517164848522,
        "upper_shadow_level_short": 0.42475136305072025,
        "upper_shadow_level_long": 0.0,
        "body_level_small": 0.862900353434132,
        "body_level_large": 0.0
    },
    "type": {
        "hammer": 0.2876517164848522,
        "inverted_hammer": 0.0,
        "long_bar": 0.0
    },
    "color": {
        "red": 0,
        "green": 1
    }
}