{
    "candle": {
        "time": "2023-06-13 22:55:00",
        "interval": "FIVE_MIN",
        "open": 1959.79004,
        "low": 1958.62,
        "high": 1961.35999,
        "close": 1961.31995
    },
    "fuzzy_candle": {
        "lower_shadow_level_short": 0.14595308741989244,
        "lower_shadow_level_long": 0.0,
        "upper_shadow_level_short": 0.9707736159622027,
        "upper_shadow_level_long": 0.0,
        "body_level_small": 0.0,
        "body_level_large": 0.11672670338209512
    },
    "type": {
        "hammer": 0.0,
        "inverted_hammer": 0.0,
        "long_bar": 0.11672670338209512
    },
    "color": {
        "red": 0,
        "green": 1
    }
}