{
    "candle": {
        "time": "2023-06-13 22:50:00",
        "interval": "FIVE_MIN",
        "open": 1964.43005,
        "low": 1959.39001,
        "high": 1964.76001,
        "close": 1960.42004
    },
    "fuzzy_candle": {
        "lower_shadow_level_short": 0.6163761638734012,
        "lower_shadow_level_long": 0.0,
        "upper_shadow_level_short": 0.8771098696461695,
        "upper_shadow_level_long": 0.0,
        "body_level_small": 0.0,
        "body_level_large": 0.49348603351957054
    },
    "type": {
        "hammer": 0.0,
        "inverted_hammer": 0.0,
        "long_bar": 0.49348603351957054
    },
    "color": {
        "red": 1,
        "green": 0
    }
}