{
    "candle": {
        "time": "2023-06-13 20:35:00",
        "interval": "FIVE_MIN",
        "open": 1964.17004,
        "low": 1964.05005,
        "high": 1964.40002,
        "close": 1964.39001
    },
    "fuzzy_candle": {
        "lower_shadow_level_short": 0.314284081493149,
        "lower_shadow_level_long": 0.0,
        "upper_shadow_level_short": 0.9427950967227701,
        "upper_shadow_level_long": 0.0,
        "body_level_small": 0.0,
        "body_level_large": 0.25707917821591897
    },
    "type": {
        "hammer": 0.0,
        "inverted_hammer": 0.0,
        "long_bar": 0.25707917821591897
    },
    "color": {
        "red": 0,
        "green": 1
    }
}