{
    "hitmap": {
        "1956.58005, 1956.7800499999998": {
            "hit": false,
            "above": 0.4,
            "below": 0.6
        },
        "1960.6850325, 1960.8850324999999": {
            "hit": false,
            "above": 0.06666666666666667,
            "below": 0.9333333333333333
        },
        "1964.790015, 1964.9900149999999": {
            "hit": false,
            "above": 0.0,
            "below": 1.0
        },
        "1968.8949975, 1969.0949974999999": {
            "hit": false,
            "above": 0.0,
            "below": 1.0
        },
        "1972.99998, 1973.1999799999999": {
            "hit": false,
            "above": 0.0,
            "below": 1.0
        }
    },
    "last_five_min": {
        "hammer": 0.0,
        "inverted_hammer": 0.0,
        "long_bar": 0.29734185597110097
    },
    "current_five_min": {
        "hammer": 0.0,
        "inverted_hammer": 0.0,
        "long_bar": 0.8636477272725811,
        "color": {
            "red": 1,
            "green": 0
        }
    },
    "current_bigger": 0.3254200767373733,
    "signal": {
        "buy": 0,
        "sell": 0
    }
}