{
    "hitmap": {
        "1956.58005, 1956.7800499999998": {
            "hit": false,
            "above": 1.0,
            "below": 0.0
        },
        "1960.6850325, 1960.8850324999999": {
            "hit": false,
            "above": 1.0,
            "below": 0.0
        },
        "1964.790015, 1964.9900149999999": {
            "hit": true,
            "above": 0.6222222222222222,
            "below": 0.37777777777777777
        }
    },
    "last_five_min": {
        "hammer": 0.0,
        "inverted_hammer": 0.0,
        "long_bar": 0.047664396933096764
    },
    "current_five_min": {
        "hammer": 0.22809018334958298,
        "inverted_hammer": 0.0,
        "long_bar": 0.0,
        "color": {
            "red": 1,
            "green": 0
        }
    },
    "current_bigger": 3.8225800241218886e-05,
    "signal": {
        "buy": 0.0,
        "sell": 0.0
    }
}