{
    "candle": {
        "time": "2023-06-15 20:15:00",
        "interval": "FIVE_MIN",
        "open": 1935.08997,
        "low": 1935.05005,
        "high": 1935.48999,
        "close": 1935.43994
    },
    "fuzzy_candle": {
        "lower_shadow_level_short": 0.8185207073694587,
        "lower_shadow_level_long": 0.0,
        "upper_shadow_level_short": 0.7724689730415144,
        "upper_shadow_level_long": 0.0,
        "body_level_small": 0.0,
        "body_level_large": 0.5909896804109731
    },
    "type": {
        "hammer": 0.0,
        "inverted_hammer": 0.0,
        "long_bar": 0.5909896804109731
    },
    "color": {
        "red": 0,
        "green": 1
    }
}