{
    "candle": {
        "time": "2023-06-15 20:10:00",
        "interval": "FIVE_MIN",
        "open": 1935.55005,
        "low": 1934.93994,
        "high": 1935.93994,
        "close": 1935.07996
    },
    "fuzzy_candle": {
        "lower_shadow_level_short": 0.7199599999999009,
        "lower_shadow_level_long": 0.0,
        "upper_shadow_level_short": 0.22022000000015396,
        "upper_shadow_level_long": 0.0,
        "body_level_small": 0.05981999999994514,
        "body_level_large": 0.0
    },
    "type": {
        "hammer": 0.0,
        "inverted_hammer": 0.0,
        "long_bar": 0.0
    },
    "color": {
        "red": 1,
        "green": 0
    }
}