{
    "candle": {
        "time": "2023-06-26 20:35:00",
        "interval": "FIVE_MIN",
        "open": 1932.06995,
        "low": 1931.98999,
        "high": 1933.42004,
        "close": 1933.26001
    },
    "fuzzy_candle": {
        "lower_shadow_level_short": 0.8881717422467302,
        "lower_shadow_level_long": 0.0,
        "upper_shadow_level_short": 0.7761896437187328,
        "upper_shadow_level_long": 0.0,
        "body_level_small": 0.0,
        "body_level_large": 0.6643613859654629
    },
    "type": {
        "hammer": 0.0,
        "inverted_hammer": 0.0,
        "long_bar": 0.6643613859654629
    },
    "color": {
        "red": 0,
        "green": 1
    }
}