{
    "candle": {
        "time": "2023-06-26 20:40:00",
        "interval": "FIVE_MIN",
        "open": 1933.29004,
        "low": 1932.95996,
        "high": 1933.37,
        "close": 1933.10999
    },
    "fuzzy_candle": {
        "lower_shadow_level_short": 0.26821773485502776,
        "lower_shadow_level_long": 0.0,
        "upper_shadow_level_short": 0.6099892693405298,
        "upper_shadow_level_long": 0.0,
        "body_level_small": 0.12179299580444247,
        "body_level_large": 0.0
    },
    "type": {
        "hammer": 0.0,
        "inverted_hammer": 0.0,
        "long_bar": 0.0
    },
    "color": {
        "red": 1,
        "green": 0
    }
}