{
    "hitmap": {
        "1949.23997, 1949.43997": {
            "hit": false,
            "above": 1.0,
            "below": 0.0
        },
        "1953.6699925, 1953.8699924999999": {
            "hit": false,
            "above": 0.6666666666666666,
            "below": 0.3333333333333333
        },
        "1958.100015, 1958.3000149999998": {
            "hit": false,
            "above": 0.3333333333333333,
            "below": 0.6666666666666666
        },
        "1962.5300375000002, 1962.7300375": {
            "hit": false,
            "above": 0.06666666666666667,
            "below": 0.9333333333333333
        },
        "1966.96006, 1967.16006": {
            "hit": false,
            "above": 0.0,
            "below": 1.0
        }
    },
    "last_five_min": {
        "hammer": 7.692603571407552e-05,
        "inverted_hammer": 0.0,
        "long_bar": 0.0
    },
    "current_five_min": {
        "hammer": 0.0,
        "inverted_hammer": 0.0,
        "long_bar": 5.814055013875219e-06,
        "color": {
            "red": 0,
            "green": 1
        }
    },
    "current_bigger": 0.8807970779778823,
    "signal": {
        "buy": 0,
        "sell": 0
    }
}