{
    "candle": {
        "time": "2023-06-23 19:10:00",
        "interval": "FIVE_MIN",
        "open": 1917.44995,
        "low": 1917.06006,
        "high": 1917.88,
        "close": 1917.84998
    },
    "fuzzy_candle": {
        "lower_shadow_level_short": 0.04897919359982128,
        "lower_shadow_level_long": 0.0,
        "upper_shadow_level_short": 0.9267751298871957,
        "upper_shadow_level_long": 0.0,
        "body_level_small": 0.02424567651298304,
        "body_level_large": 0.0
    },
    "type": {
        "hammer": 0.0,
        "inverted_hammer": 0.0,
        "long_bar": 0.0
    },
    "color": {
        "red": 0,
        "green": 1
    }
}