{
    "candle": {
        "time": "2023-06-13 22:45:00",
        "interval": "FIVE_MIN",
        "open": 1962.32996,
        "low": 1960.26001,
        "high": 1964.58997,
        "close": 1964.58997
    },
    "fuzzy_candle": {
        "lower_shadow_level_short": 0.043894169923025084,
        "lower_shadow_level_long": 0.0,
        "upper_shadow_level_short": 1.0,
        "upper_shadow_level_long": 0.0,
        "body_level_small": 0.0,
        "body_level_large": 0.043894169923025084
    },
    "type": {
        "hammer": 0.0,
        "inverted_hammer": 0.0,
        "long_bar": 0.043894169923025084
    },
    "color": {
        "red": 0,
        "green": 1
    }
}