{
    "candle": {
        "time": "2023-06-13 22:50:00",
        "interval": "FIVE_MIN",
        "open": 1964.43005,
        "low": 1963.13,
        "high": 1964.76001,
        "close": 1963.55005
    },
    "fuzzy_candle": {
        "lower_shadow_level_short": 0.48460438893014957,
        "lower_shadow_level_long": 0.0,
        "upper_shadow_level_short": 0.5951435880760765,
        "upper_shadow_level_long": 0.0,
        "body_level_small": 0.0,
        "body_level_large": 0.07974797700622593
    },
    "type": {
        "hammer": 0.0,
        "inverted_hammer": 0.0,
        "long_bar": 0.07974797700622593
    },
    "color": {
        "red": 1,
        "green": 0
    }
}