{
    "candle": {
        "time": "2023-06-23 23:45:00",
        "interval": "FIVE_MIN",
        "open": 1937.06006,
        "low": 1932.23999,
        "high": 1937.06006,
        "close": 1934.12
    },
    "fuzzy_candle": {
        "lower_shadow_level_short": 0.21992419197237323,
        "lower_shadow_level_long": 0.0,
        "upper_shadow_level_short": 1.0,
        "upper_shadow_level_long": 0.0,
        "body_level_small": 0.0,
        "body_level_large": 0.21992419197237312
    },
    "type": {
        "hammer": 0.0,
        "inverted_hammer": 0.0,
        "long_bar": 0.21992419197237312
    },
    "color": {
        "red": 1,
        "green": 0
    }
}