{
    "candle": {
        "time": "2023-06-23 21:45:00",
        "interval": "FIVE_MIN",
        "open": 1919.57996,
        "low": 1918.76001,
        "high": 1920.12,
        "close": 1919.80005
    },
    "fuzzy_candle": {
        "lower_shadow_level_short": 0.0,
        "lower_shadow_level_long": 0.20581768983611304,
        "upper_shadow_level_short": 0.5294818344254696,
        "upper_shadow_level_long": 0.0,
        "body_level_small": 0.6763358554106434,
        "body_level_large": 0.0
    },
    "type": {
        "hammer": 0.20581768983611304,
        "inverted_hammer": 0.0,
        "long_bar": 0.0
    },
    "color": {
        "red": 0,
        "green": 1
    }
}