{
    "candle": {
        "time": "2023-06-23 21:50:00",
        "interval": "FIVE_MIN",
        "open": 1919.82996,
        "low": 1918.93994,
        "high": 1919.85999,
        "close": 1919.01001
    },
    "fuzzy_candle": {
        "lower_shadow_level_short": 0.8476821911852812,
        "lower_shadow_level_long": 0.0,
        "upper_shadow_level_short": 0.9347209390796181,
        "upper_shadow_level_long": 0.0,
        "body_level_small": 0.0,
        "body_level_large": 0.782403130264899
    },
    "type": {
        "hammer": 0.0,
        "inverted_hammer": 0.0,
        "long_bar": 0.782403130264899
    },
    "color": {
        "red": 1,
        "green": 0
    }
}