{
    "candle": {
        "time": "2023-06-13 20:00:00",
        "interval": "FIVE_MIN",
        "open": 1963.28003,
        "low": 1962.83997,
        "high": 1963.43005,
        "close": 1962.93005
    },
    "fuzzy_candle": {
        "lower_shadow_level_short": 0.6946854663776025,
        "lower_shadow_level_long": 0.0,
        "upper_shadow_level_short": 0.491526572667927,
        "upper_shadow_level_long": 0.0,
        "body_level_small": 0.0,
        "body_level_large": 0.18621203904552952
    },
    "type": {
        "hammer": 0.0,
        "inverted_hammer": 0.0,
        "long_bar": 0.18621203904552952
    },
    "color": {
        "red": 1,
        "green": 0
    }
}