{
    "candle": {
        "time": "2023-06-13 20:05:00",
        "interval": "FIVE_MIN",
        "open": 1962.92004,
        "low": 1962.78003,
        "high": 1963.20996,
        "close": 1963.19995
    },
    "fuzzy_candle": {
        "lower_shadow_level_short": 0.34868466959704814,
        "lower_shadow_level_long": 0.0,
        "upper_shadow_level_short": 0.9534342799992308,
        "upper_shadow_level_long": 0.0,
        "body_level_small": 0.0,
        "body_level_large": 0.30211894959627883
    },
    "type": {
        "hammer": 0.0,
        "inverted_hammer": 0.0,
        "long_bar": 0.30211894959627883
    },
    "color": {
        "red": 0,
        "green": 1
    }
}