{
    "candle": {
        "time": "2023-06-13 21:55:00",
        "interval": "FIVE_MIN",
        "open": 1964.43005,
        "low": 1964.17004,
        "high": 1964.57996,
        "close": 1964.26001
    },
    "fuzzy_candle": {
        "lower_shadow_level_short": 0.5610362997658982,
        "lower_shadow_level_long": 0.0,
        "upper_shadow_level_short": 0.2685889929738966,
        "upper_shadow_level_long": 0.0,
        "body_level_small": 0.1703747072602052,
        "body_level_large": 0.0
    },
    "type": {
        "hammer": 0.0,
        "inverted_hammer": 0.0,
        "long_bar": 0.0
    },
    "color": {
        "red": 1,
        "green": 0
    }
}