{
    "factors": {
        "day_map": {
            "buy": 4.078583322221431e-05,
            "sell": 0.0
        }
    },
    "signal": {
        "buy": 4.078583322221431e-05,
        "sell": 0.0
    }
}