{
    "candle": {
        "time": "2023-06-14 01:05:00",
        "interval": "FIVE_MIN",
        "open": 1951.98999,
        "low": 1950.66003,
        "high": 1951.98999,
        "close": 1951.51001
    },
    "fuzzy_candle": {
        "lower_shadow_level_short": 0.0,
        "lower_shadow_level_long": 0.2782038557549724,
        "upper_shadow_level_short": 1.0,
        "upper_shadow_level_long": 0.0,
        "body_level_small": 0.2782038557549723,
        "body_level_large": 0.0
    },
    "type": {
        "hammer": 0.2782038557549723,
        "inverted_hammer": 0.0,
        "long_bar": 0.0
    },
    "color": {
        "red": 1,
        "green": 0
    }
}