{
    "candle": {
        "time": "2023-06-14 01:00:00",
        "interval": "FIVE_MIN",
        "open": 1952.60999,
        "low": 1951.93994,
        "high": 1953.18994,
        "close": 1952.06995
    },
    "fuzzy_candle": {
        "lower_shadow_level_short": 0.7919839999998658,
        "lower_shadow_level_long": 0.0,
        "upper_shadow_level_short": 0.07207999999991443,
        "upper_shadow_level_long": 0.0,
        "body_level_small": 0.13593600000021977,
        "body_level_large": 0.0
    },
    "type": {
        "hammer": 0.0,
        "inverted_hammer": 0.0,
        "long_bar": 0.0
    },
    "color": {
        "red": 1,
        "green": 0
    }
}