{
    "candle": {
        "time": "2023-06-23 23:15:00",
        "interval": "FIVE_MIN",
        "open": 1931.56995,
        "low": 1931.44995,
        "high": 1933.51001,
        "close": 1933.44995
    },
    "fuzzy_candle": {
        "lower_shadow_level_short": 0.8834985388773948,
        "lower_shadow_level_long": 0.0,
        "upper_shadow_level_short": 0.9416910187081728,
        "upper_shadow_level_long": 0.0,
        "body_level_small": 0.0,
        "body_level_large": 0.8251895575855677
    },
    "type": {
        "hammer": 0.0,
        "inverted_hammer": 0.0,
        "long_bar": 0.8251895575855677
    },
    "color": {
        "red": 0,
        "green": 1
    }
}