{
    "candle": {
        "time": "2023-06-23 23:20:00",
        "interval": "FIVE_MIN",
        "open": 1933.43994,
        "low": 1932.28003,
        "high": 1933.67004,
        "close": 1932.66003
    },
    "fuzzy_candle": {
        "lower_shadow_level_short": 0.4532413435873286,
        "lower_shadow_level_long": 0.0,
        "upper_shadow_level_short": 0.6689232451565374,
        "upper_shadow_level_long": 0.0,
        "body_level_small": 0.0,
        "body_level_large": 0.12216458874386604
    },
    "type": {
        "hammer": 0.0,
        "inverted_hammer": 0.0,
        "long_bar": 0.12216458874386604
    },
    "color": {
        "red": 1,
        "green": 0
    }
}