{
    "candle": {
        "time": "2023-06-26 23:35:00",
        "interval": "FIVE_MIN",
        "open": 1926.08997,
        "low": 1925.03003,
        "high": 1926.88,
        "close": 1925.68994
    },
    "fuzzy_candle": {
        "lower_shadow_level_short": 0.28657221468455596,
        "lower_shadow_level_long": 0.0,
        "upper_shadow_level_short": 0.1458996632377556,
        "upper_shadow_level_long": 0.0,
        "body_level_small": 0.5675281220776884,
        "body_level_large": 0.0
    },
    "type": {
        "hammer": 0.0,
        "inverted_hammer": 0.0,
        "long_bar": 0.0
    },
    "color": {
        "red": 1,
        "green": 0
    }
}