{
    "candle": {
        "time": "2023-06-26 23:40:00",
        "interval": "FIVE_MIN",
        "open": 1925.64001,
        "low": 1924.43994,
        "high": 1925.83997,
        "close": 1925.03003
    },
    "fuzzy_candle": {
        "lower_shadow_level_short": 0.15703234930692644,
        "lower_shadow_level_long": 0.0,
        "upper_shadow_level_short": 0.7143489782362994,
        "upper_shadow_level_long": 0.0,
        "body_level_small": 0.12861867245677416,
        "body_level_large": 0.0
    },
    "type": {
        "hammer": 0.0,
        "inverted_hammer": 0.0,
        "long_bar": 0.0
    },
    "color": {
        "red": 1,
        "green": 0
    }
}