{
    "candle": {
        "time": "2023-06-27 19:25:00",
        "interval": "FIVE_MIN",
        "open": 1925.33997,
        "low": 1924.23999,
        "high": 1925.37,
        "close": 1924.31006
    },
    "fuzzy_candle": {
        "lower_shadow_level_short": 0.8759833983770129,
        "lower_shadow_level_long": 0.0,
        "upper_shadow_level_short": 0.9468500278760351,
        "upper_shadow_level_long": 0.0,
        "body_level_small": 0.0,
        "body_level_large": 0.8228334262530479
    },
    "type": {
        "hammer": 0.0,
        "inverted_hammer": 0.0,
        "long_bar": 0.8228334262530479
    },
    "color": {
        "red": 1,
        "green": 0
    }
}