{
    "candle": {
        "time": "2023-06-27 19:30:00",
        "interval": "FIVE_MIN",
        "open": 1924.37,
        "low": 1923.82996,
        "high": 1924.48999,
        "close": 1924.39001
    },
    "fuzzy_candle": {
        "lower_shadow_level_short": 0.0,
        "lower_shadow_level_long": 0.6364104661904992,
        "upper_shadow_level_short": 0.6970440737543487,
        "upper_shadow_level_long": 0.0,
        "body_level_small": 0.9393663924361506,
        "body_level_large": 0.0
    },
    "type": {
        "hammer": 0.6364104661904992,
        "inverted_hammer": 0.0,
        "long_bar": 0.0
    },
    "color": {
        "red": 0,
        "green": 1
    }
}